"water_cutoff","area","mean","2.5","97.5"
"Seasonally Flooded/Saturated",0,0.461793162524533,0.451634073018046,0.470795717432482
"Seasonally Flooded/Saturated",0.415020451945068,0.462275271439733,0.452110859242285,0.471315656712532
"Seasonally Flooded/Saturated",0.830040903890137,0.462757889221664,0.452773893046989,0.471954876895914
"Seasonally Flooded/Saturated",1.24506135583521,0.463241016413,0.453272316794003,0.472450318824285
"Seasonally Flooded/Saturated",1.66008180778027,0.463724653556999,0.453645037280501,0.472790552303903
"Seasonally Flooded/Saturated",2.07510225972534,0.464208801197505,0.454149175870079,0.473208944733148
"Seasonally Flooded/Saturated",2.49012271167041,0.464693459878946,0.454633178369271,0.47372761183512
"Seasonally Flooded/Saturated",2.90514316361548,0.465178630146337,0.455511931909038,0.474681337827895
"Seasonally Flooded/Saturated",3.32016361556055,0.465664312545281,0.456013507362529,0.475226464533925
"Seasonally Flooded/Saturated",3.73518406750562,0.466150507621967,0.4564731922725,0.475783648151929
"Seasonally Flooded/Saturated",4.15020451945068,0.466637215923174,0.4567451719981,0.476066392699882
"Seasonally Flooded/Saturated",4.56522497139575,0.467124437996268,0.457263019090304,0.476546736075032
"Seasonally Flooded/Saturated",4.98024542334082,0.467612174389205,0.457781453305542,0.477086089527622
"Seasonally Flooded/Saturated",5.39526587528589,0.468100425650532,0.45830047530948,0.477653151932866
"Seasonally Flooded/Saturated",5.81028632723096,0.468589192329385,0.458711709392887,0.478127352237694
"Seasonally Flooded/Saturated",6.22530677917603,0.469078474975493,0.459221478607123,0.478655388458266
"Seasonally Flooded/Saturated",6.64032723112109,0.469568274139176,0.459687113411688,0.479184007833617
"Seasonally Flooded/Saturated",7.05534768306616,0.470058590371348,0.460148088521029,0.479713211007773
"Seasonally Flooded/Saturated",7.47036813501123,0.470549424223516,0.460609525897084,0.480242998625473
"Seasonally Flooded/Saturated",7.8853885869563,0.471040776247778,0.461071426003415,0.480773371332166
"Seasonally Flooded/Saturated",8.30040903890137,0.471532646996832,0.461533789304049,0.481304329774017
"Seasonally Flooded/Saturated",8.71542949084644,0.472025037023966,0.461996616263477,0.4818358745979
"Seasonally Flooded/Saturated",9.13044994279151,0.472517946883068,0.462459907346659,0.482368006451407
"Seasonally Flooded/Saturated",9.54547039473658,0.473011377128619,0.462923663019018,0.482900725982845
"Seasonally Flooded/Saturated",9.96049084668164,0.473505328315701,0.463834970168622,0.483839387633344
"Seasonally Flooded/Saturated",10.3755112986267,0.47399980099999,0.464350432894853,0.484266861554029
"Seasonally Flooded/Saturated",10.7905317505718,0.474494795737763,0.464846200941119,0.484694713149532
"Seasonally Flooded/Saturated",11.2055522025168,0.474990313085896,0.465328323255193,0.485122942753531
"Seasonally Flooded/Saturated",11.6205726544619,0.475486353601864,0.465810945609766,0.485609741738513
"Seasonally Flooded/Saturated",12.035593106407,0.475982917843743,0.466294068523461,0.486156864011056
"Seasonally Flooded/Saturated",12.4506135583521,0.476480006370209,0.466777692515441,0.486704602710238
"Seasonally Flooded/Saturated",12.8656340102971,0.476977619740541,0.467261818105407,0.487252958530569
"Seasonally Flooded/Saturated",13.2806544622422,0.47747575851462,0.467746445813599,0.487801932167342
"Seasonally Flooded/Saturated",13.6956749141873,0.47797442325293,0.468231576160796,0.488351524316632
"Seasonally Flooded/Saturated",14.1106953661323,0.47847361451656,0.468717209668318,0.488901735675299
"Seasonally Flooded/Saturated",14.5257158180774,0.478973332867201,0.469203346858026,0.489452566940989
"Seasonally Flooded/Saturated",14.9407362700225,0.479473578867151,0.469628297484617,0.490004018812131
"Seasonally Flooded/Saturated",15.3557567219675,0.479974353079312,0.470025239042361,0.490556091987945
"Seasonally Flooded/Saturated",15.7707771739126,0.480475656067194,0.47066478574699,0.491301765387662
"Seasonally Flooded/Saturated",16.1857976258577,0.480977488394913,0.471152942894878,0.491800123668383
"Seasonally Flooded/Saturated",16.6008180778027,0.481479850627193,0.471641606342383,0.492298987465252
"Seasonally Flooded/Saturated",17.0158385297478,0.481982743329367,0.472130776614622,0.492824015414611
"Seasonally Flooded/Saturated",17.4308589816929,0.482486167067375,0.472620454237256,0.493425204776256
"Seasonally Flooded/Saturated",17.8458794336379,0.48299012240777,0.473261515430909,0.49412423792236
"Seasonally Flooded/Saturated",18.260899885583,0.483494609917711,0.473750920881339,0.494629784542542
"Seasonally Flooded/Saturated",18.6759203375281,0.483999630164972,0.474092536472319,0.495051341320536
"Seasonally Flooded/Saturated",19.0909407894732,0.484505183717937,0.474584248764056,0.495552825042101
"Seasonally Flooded/Saturated",19.5059612414182,0.485011271145601,0.475076471042681,0.496129887498228
"Seasonally Flooded/Saturated",19.9209816933633,0.485517893017573,0.475569203837136,0.49671740463962
"Seasonally Flooded/Saturated",20.3360021453084,0.486025049904078,0.47606244767691,0.497305617518964
"Seasonally Flooded/Saturated",20.7510225972534,0.486532742375952,0.476556203092042,0.497894526960151
"Seasonally Flooded/Saturated",21.1660430491985,0.487040971004646,0.477050470613119,0.498484133788052
"Seasonally Flooded/Saturated",21.5810635011436,0.48754973636223,0.477545250771281,0.499074438828511
"Seasonally Flooded/Saturated",21.9960839530886,0.488059039021387,0.477917206306349,0.499474333861945
"Seasonally Flooded/Saturated",22.4111044050337,0.488568879555418,0.478513795675621,0.50003707696434
"Seasonally Flooded/Saturated",22.8261248569788,0.489079258538242,0.479032672387922,0.500600454092906
"Seasonally Flooded/Saturated",23.2411453089238,0.489590176544396,0.479529508416831,0.501164465961982
"Seasonally Flooded/Saturated",23.6561657608689,0.490101634149036,0.479895635270901,0.501610073097745
"Seasonally Flooded/Saturated",24.071186212814,0.490613631927939,0.48049955843493,0.502294396783042
"Seasonally Flooded/Saturated",24.486206664759,0.4911261704575,0.481023110448229,0.502860317167731
"Seasonally Flooded/Saturated",24.9012271167041,0.491639250314736,0.481522010890275,0.503447707907451
"Seasonally Flooded/Saturated",25.3162475686492,0.492152872077287,0.479524131322833,0.50156160655159
"Seasonally Flooded/Saturated",25.7312680205942,0.492667036323413,0.480014942910354,0.502118576315022
"Seasonally Flooded/Saturated",26.1462884725393,0.493181743632,0.480464315453537,0.502676164577385
"Seasonally Flooded/Saturated",26.5613089244844,0.493696994582554,0.483522792449858,0.505908364108243
"Seasonally Flooded/Saturated",26.9763293764294,0.494212789755209,0.484024285475146,0.506525405043509
"Seasonally Flooded/Saturated",27.3913498283745,0.494729129730721,0.484526298631561,0.507143198564703
"Seasonally Flooded/Saturated",27.8063702803196,0.495246015090475,0.485028832458563,0.507761745589731
"Seasonally Flooded/Saturated",28.2213907322647,0.49576344641648,0.485168513848975,0.507982379271237
"Seasonally Flooded/Saturated",28.6364111842097,0.496281424291373,0.485692436074565,0.508554708139195
"Seasonally Flooded/Saturated",29.0514316361548,0.496799949298419,0.484619043423215,0.507502528564237
"Seasonally Flooded/Saturated",29.4664520880999,0.49731902202151,0.48674197845109,0.509701301080134
"Seasonally Flooded/Saturated",29.8814725400449,0.49783864304517,0.487267599824611,0.510275566606947
"Seasonally Flooded/Saturated",30.29649299199,0.49835881295455,0.487793788804462,0.510850479141909
"Seasonally Flooded/Saturated",30.7115134439351,0.498879532335433,0.488302802317929,0.511494421373373
"Seasonally Flooded/Saturated",31.1265338958801,0.499400801774234,0.488771331980341,0.512002248152962
"Seasonally Flooded/Saturated",31.5415543478252,0.499922621857997,0.48666968110413,0.509981408939948
"Seasonally Flooded/Saturated",31.9565747997703,0.500444993174402,0.487181512520613,0.510551363335733
"Seasonally Flooded/Saturated",32.3715952517153,0.500967916311761,0.489159510825455,0.512640431635216
"Seasonally Flooded/Saturated",32.7866157036604,0.501491391859019,0.489650040910831,0.513239278375015
"Seasonally Flooded/Saturated",33.2016361556055,0.502015420405757,0.490141062900707,0.513838824664431
"Seasonally Flooded/Saturated",33.6166566075505,0.50254000254219,0.490564017701997,0.514439071320651
"Seasonally Flooded/Saturated",34.0316770594956,0.503065138859171,0.489748755345369,0.513714610418232
"Seasonally Flooded/Saturated",34.4466975114407,0.503590829948188,0.490263825030007,0.514235703457308
"Seasonally Flooded/Saturated",34.8617179633857,0.504117076401368,0.490779436414398,0.514805917612398
"Seasonally Flooded/Saturated",35.2767384153308,0.504643878811473,0.491295590068249,0.515416598443191
"Seasonally Flooded/Saturated",35.6917588672759,0.505171237771909,0.491812286561867,0.516028003684999
"Seasonally Flooded/Saturated",36.106779319221,0.505699153876716,0.492329526466155,0.516640134197143
"Seasonally Flooded/Saturated",36.521799771166,0.506227627720578,0.492847310352622,0.517252990839965
"Seasonally Flooded/Saturated",36.9368202231111,0.506756659898818,0.493195986115877,0.517669093896482
"Seasonally Flooded/Saturated",37.3518406750562,0.507286251007402,0.493682785005915,0.518275924486907
"Seasonally Flooded/Saturated",37.7668611270012,0.507816401642938,0.494325058976632,0.519095926171222
"Seasonally Flooded/Saturated",38.1818815789463,0.508347112402675,0.49489056433182,0.519711695960595
"Seasonally Flooded/Saturated",38.5969020308914,0.508878383884508,0.495444409562436,0.520328196197682
"Seasonally Flooded/Saturated",39.0119224828364,0.509410216686977,0.495965469377297,0.520945427748969
"Seasonally Flooded/Saturated",39.4269429347815,0.509942611409264,0.496487077191743,0.521563391481964
"Seasonally Flooded/Saturated",39.8419633867266,0.510475568651199,0.497004837009946,0.522182088265208
"Seasonally Flooded/Saturated",40.2569838386716,0.511009089013259,0.497393747436937,0.52280151896827
"Seasonally Flooded/Saturated",40.6720042906167,0.511543173096567,0.497768675794809,0.523421684461752
"Seasonally Flooded/Saturated",41.0870247425618,0.512077821502893,0.498532510884924,0.524280346532584
"Seasonally Flooded/Saturated",41.5020451945068,0.512613034834658,0.499042778287783,0.524858375677657
"Seasonally Flooded/Saturated",41.9170656464519,0.513148813694932,0.499450342487888,0.525437042110957
"Seasonally Flooded/Saturated",42.332086098397,0.513685158687432,0.499828623478569,0.526016346535107
"Seasonally Flooded/Saturated",42.747106550342,0.51422207041653,0.500207190977229,0.526596289653503
"Seasonally Flooded/Saturated",43.1621270022871,0.514759549487247,0.500586045200867,0.527176872170319
"Seasonally Flooded/Saturated",43.5771474542322,0.515297596505256,0.500965186366646,0.527783490395587
"Seasonally Flooded/Saturated",43.9921679061773,0.515836212076883,0.501344614691896,0.528409565678266
"Seasonally Flooded/Saturated",44.4071883581223,0.516375396809109,0.501717517619704,0.529036383633398
"Seasonally Flooded/Saturated",44.8222088100674,0.516915151309568,0.502248291626596,0.529754669948875
"Seasonally Flooded/Saturated",45.2372292620125,0.517455476186549,0.502779627146762,0.530438247562903
"Seasonally Flooded/Saturated",45.6522497139575,0.517996372048997,0.503140050670376,0.531122707242499
"Seasonally Flooded/Saturated",46.0672701659026,0.518537839506514,0.503246071328224,0.531551099813823
"Seasonally Flooded/Saturated",46.4822906178477,0.519079879169358,0.502609879767319,0.530996310757706
"Seasonally Flooded/Saturated",46.8973110697927,0.519622491648446,0.503121837590693,0.531519437472012
"Seasonally Flooded/Saturated",47.3123315217378,0.520165677555352,0.503634316893695,0.532086722611153
"Seasonally Flooded/Saturated",47.7273519736829,0.520709437502311,0.504147318207503,0.532686807471273
"Seasonally Flooded/Saturated",48.1423724256279,0.521253772102217,0.504565920569804,0.533296887010879
"Seasonally Flooded/Saturated",48.557392877573,0.521798681968625,0.504946255210142,0.533918806892485
"Seasonally Flooded/Saturated",48.9724133295181,0.522344167715752,0.505326876541342,0.534541452044289
"Seasonally Flooded/Saturated",49.3874337814631,0.522890229958476,0.505707784779507,0.535164823312088
"Seasonally Flooded/Saturated",49.8024542334082,0.523436869312338,0.506088980140904,0.535788921542662
"Seasonally Flooded/Saturated",50.2174746853533,0.523984086393545,0.506470462841962,0.53641374758378
"Seasonally Flooded/Saturated",50.6324951372983,0.524531881818964,0.506852233099274,0.5370393022842
"Seasonally Flooded/Saturated",51.0475155892434,0.52508025620613,0.507234291129596,0.53766558649367
"Seasonally Flooded/Saturated",51.4625360411885,0.525629210173244,0.507616637149846,0.538292601062928
"Seasonally Flooded/Saturated",51.8775564931336,0.526178744339173,0.507999271377108,0.538920346843705
"Seasonally Flooded/Saturated",52.2925769450786,0.52672885932345,0.508382194028628,0.539549870393538
"Seasonally Flooded/Saturated",52.7075973970237,0.527279555746276,0.510335248073026,0.541730068344062
"Seasonally Flooded/Saturated",53.1226178489688,0.527830834228524,0.512000299918669,0.543595119366812
"Seasonally Flooded/Saturated",53.5376383009138,0.528382695391732,0.512567205595903,0.544296556231408
"Seasonally Flooded/Saturated",53.9526587528589,0.52893513985811,0.513035368986372,0.544998898206549
"Seasonally Flooded/Saturated",54.367679204804,0.52948816825054,0.513272330576614,0.545362714398561
"Seasonally Flooded/Saturated",54.782699656749,0.530041781192574,0.513776019833202,0.545999786044439
"Seasonally Flooded/Saturated",55.1977201086941,0.530595979308436,0.514146746129387,0.546637601892792
"Seasonally Flooded/Saturated",55.6127405606392,0.531150763223025,0.514517739931219,0.547276162812969
"Seasonally Flooded/Saturated",56.0277610125842,0.531706133561913,0.514835766564233,0.547789563798274
"Seasonally Flooded/Saturated",56.4427814645293,0.532262090951344,0.515260530824062,0.54840674225509
"Seasonally Flooded/Saturated",56.8578019164744,0.532818636018242,0.51563232830154,0.549024616068795
"Seasonally Flooded/Saturated",57.2728223684194,0.533375769390202,0.516091653243379,0.549672122936982
"Seasonally Flooded/Saturated",57.6878428203645,0.533933491695499,0.51657008029326,0.550357743091565
"Seasonally Flooded/Saturated",58.1028632723096,0.534491803563085,0.517143569394411,0.55112322365396
"Seasonally Flooded/Saturated",58.5178837242547,0.53505070562259,0.517670331216686,0.551767024504119
"Seasonally Flooded/Saturated",58.9329041761997,0.535610198504322,0.518197629597923,0.552419738973209
"Seasonally Flooded/Saturated",59.3479246281448,0.536170282839268,0.518725465084662,0.553108786299834
"Seasonally Flooded/Saturated",59.7629450800899,0.5367309592591,0.519253838223997,0.553798693092883
"Seasonally Flooded/Saturated",60.1779655320349,0.537292228396165,0.519782749563582,0.554489460424393
"Seasonally Flooded/Saturated",60.59298598398,0.537854090883495,0.520312199651625,0.555181089367734
"Seasonally Flooded/Saturated",61.0080064359251,0.538416547354806,0.52078568092101,0.555873580997617
"Seasonally Flooded/Saturated",61.4230268878701,0.538979598444495,0.521243033380446,0.556566936390094
"Seasonally Flooded/Saturated",61.8380473398152,0.539543244787643,0.521700787485471,0.557261156622556
"Seasonally Flooded/Saturated",62.2530677917603,0.540107487020018,0.52215894358881,0.557956242773743
"Seasonally Flooded/Saturated",62.6680882437053,0.540672325778071,0.522617502043497,0.558652195923736
"Seasonally Flooded/Saturated",63.0831086956504,0.541237761698942,0.523076463202876,0.559349017153965
"Seasonally Flooded/Saturated",63.4981291475955,0.541803795420456,0.523535827420601,0.560046707547209
"Seasonally Flooded/Saturated",63.9131495995405,0.542370427581128,0.523995595050636,0.560745268187597
"Seasonally Flooded/Saturated",64.3281700514856,0.542937658820158,0.524455766447257,0.561444700160611
"Seasonally Flooded/Saturated",64.7431905034307,0.543505489777439,0.52491634196505,0.562145004553086
"Seasonally Flooded/Saturated",65.1582109553758,0.544073921093553,0.525377321958914,0.562846182453214
"Seasonally Flooded/Saturated",65.5732314073208,0.544642953409771,0.525838706784059,0.563548234950544
"Seasonally Flooded/Saturated",65.9882518592659,0.545212587368059,0.524908302372855,0.562795360364276
"Seasonally Flooded/Saturated",66.4032723112109,0.545782823611072,0.525441421883264,0.563429445412563
"Seasonally Flooded/Saturated",66.818292763156,0.54635366278216,0.52597508285284,0.564064244865902
"Seasonally Flooded/Saturated",67.2333132151011,0.546925105525366,0.526509285831513,0.564699759529192
"Seasonally Flooded/Saturated",67.6483336670462,0.54749715248543,0.527044031369771,0.565351127127246
"Seasonally Flooded/Saturated",68.0633541189912,0.548069804307783,0.527542689667181,0.5660217664579
"Seasonally Flooded/Saturated",68.4783745709363,0.548643061638555,0.527986409331672,0.566693201324443
"Seasonally Flooded/Saturated",68.8933950228814,0.549216925124574,0.528430502211722,0.567396461156047
"Seasonally Flooded/Saturated",69.3084154748264,0.549791395413363,0.528874968621248,0.568135333142805
"Seasonally Flooded/Saturated",69.7234359267715,0.550366473153144,0.529319808874426,0.568875167299493
"Seasonally Flooded/Saturated",70.1384563787166,0.550942158992839,0.530263929248426,0.570102020667929
"Seasonally Flooded/Saturated",70.5534768306616,0.55151845358207,0.53080248816447,0.570767991815271
"Seasonally Flooded/Saturated",70.9684972826067,0.552095357571158,0.531341594064177,0.571434740924368
"Seasonally Flooded/Saturated",71.3835177345518,0.552672871611129,0.531881247503086,0.572102268904007
"Seasonally Flooded/Saturated",71.7985381864968,0.553250996353706,0.532421449037301,0.572770576664032
"Seasonally Flooded/Saturated",72.2135586384419,0.55382973245132,0.532962199223494,0.573439665115354
"Seasonally Flooded/Saturated",72.628579090387,0.554409080557103,0.533503498618897,0.574109535169947
"Seasonally Flooded/Saturated",73.043599542332,0.554989041324892,0.534045347781311,0.574828629367829
"Seasonally Flooded/Saturated",73.4586199942771,0.555569615409229,0.534587747269104,0.575577179632949
"Seasonally Flooded/Saturated",73.8736404462222,0.556150803465364,0.535130697641209,0.576326704671194
"Seasonally Flooded/Saturated",74.2886608981673,0.55673260614925,0.535621936540599,0.577077205751928
"Seasonally Flooded/Saturated",74.7036813501123,0.557315024117551,0.536092318156259,0.577828684146168
"Seasonally Flooded/Saturated",75.1187018020574,0.557898058027638,0.536563112859676,0.578581141126585
"Seasonally Flooded/Saturated",75.5337222540025,0.558481708537592,0.537034321013623,0.579334577967509
"Seasonally Flooded/Saturated",75.9487427059475,0.559065976306202,0.53750594298119,0.580088995944929
"Seasonally Flooded/Saturated",76.3637631578926,0.55965086199297,0.537977979125787,0.580844396336496
"Seasonally Flooded/Saturated",76.7787836098377,0.560236366258107,0.538450429811144,0.581600780421522
"Seasonally Flooded/Saturated",77.1938040617827,0.560822489762538,0.538923295401309,0.582358149480988
"Seasonally Flooded/Saturated",77.6088245137278,0.561409233167901,0.539396576260649,0.583116504797542
"Seasonally Flooded/Saturated",78.0238449656729,0.561996597136546,0.539870272753854,0.583875847655503
"Seasonally Flooded/Saturated",78.4388654176179,0.562584582331541,0.540344385245932,0.584636179340862
"Seasonally Flooded/Saturated",78.853885869563,0.563173189416665,0.540818914102212,0.585397501141284
"Seasonally Flooded/Saturated",79.2689063215081,0.563762419056416,0.541293859688343,0.586159814346112
"Seasonally Flooded/Saturated",79.6839267734531,0.564352271916008,0.541769222370296,0.586923120246366
"Seasonally Flooded/Saturated",80.0989472253982,0.564942748661372,0.542245002514365,0.58768742013475
"Seasonally Flooded/Saturated",80.5139676773433,0.56553384995916,0.542721200487162,0.588452715305648
"Seasonally Flooded/Saturated",80.9289881292884,0.56612557647674,0.543197816655624,0.589219007055134
"Seasonally Flooded/Saturated",81.3440085812334,0.566717928882201,0.543674851387009,0.589986296680965
"Seasonally Flooded/Saturated",81.7590290331785,0.567310907844354,0.544152305048897,0.590754585482592
"Seasonally Flooded/Saturated",82.1740494851235,0.567904514032731,0.544630178009193,0.591523874761155
"Seasonally Flooded/Saturated",82.5890699370686,0.568498748117586,0.545108470636123,0.592294165819491
"Seasonally Flooded/Saturated",83.0040903890137,0.569093610769895,0.545587183298236,0.593065459962131
"Seasonally Flooded/Saturated",83.4191108409588,0.569689102661361,0.54406980956338,0.591803512413167
"Seasonally Flooded/Saturated",83.8341312929038,0.570285224464409,0.544585889971009,0.59249483440445
"Seasonally Flooded/Saturated",84.2491517448489,0.57088197685219,0.545102459909545,0.593186963971365
"Seasonally Flooded/Saturated",84.664172196794,0.571479360498583,0.545585710132285,0.593879902057291
"Seasonally Flooded/Saturated",85.079192648739,0.572077376078191,0.546044605901276,0.594573649606708
"Seasonally Flooded/Saturated",85.4942131006841,0.572676024266348,0.54650388765055,0.5952682075652
"Seasonally Flooded/Saturated",85.9092335526292,0.573275305739115,0.546963555704758,0.595963576879457
"Seasonally Flooded/Saturated",86.3242540045742,0.573875221173284,0.547423610388823,0.596659758497272
"Seasonally Flooded/Saturated",86.7392744565193,0.574475771246374,0.547884052027943,0.597356753367547
"Seasonally Flooded/Saturated",87.1542949084644,0.575076956636638,0.548344880947586,0.598054562440292
"Seasonally Flooded/Saturated",87.5693153604094,0.57567877802306,0.548806097473499,0.598753186666627
"Seasonally Flooded/Saturated",87.9843358123545,0.576281236085357,0.549267701931699,0.599496924943908
"Seasonally Flooded/Saturated",88.3993562642996,0.576884331503979,0.549729694648479,0.600244455875778
"Seasonally Flooded/Saturated",88.8143767162447,0.57748806496011,0.550192075950404,0.600992918926681
"Seasonally Flooded/Saturated",89.2293971681897,0.578092437135669,0.550654846164318,0.601742315258906
"Seasonally Flooded/Saturated",89.6444176201348,0.578697448713313,0.551118005617336,0.602492646036187
"Seasonally Flooded/Saturated",90.0594380720798,0.579303100376431,0.55158155463685,0.603243912423714
"Seasonally Flooded/Saturated",90.4744585240249,0.579909392809155,0.552045493550527,0.603996115588128
"Seasonally Flooded/Saturated",90.88947897597,0.580516326696352,0.55250982268631,0.604749256697524
"Seasonally Flooded/Saturated",91.3044994279151,0.581123902723627,0.552974542372416,0.605503336921453
"Seasonally Flooded/Saturated",91.7195198798601,0.581732121577329,0.553439652937341,0.606258357430927
"Seasonally Flooded/Saturated",92.1345403318052,0.582340983944543,0.553905154709856,0.607014319398417
"Seasonally Flooded/Saturated",92.5495607837503,0.582950490513098,0.554371048019006,0.607771223997854
"Seasonally Flooded/Saturated",92.9645812356953,0.583560641971566,0.558537424756472,0.612208551822347
"Seasonally Flooded/Saturated",93.3796016876404,0.584171439009261,0.559004652974088,0.612946003754504
"Seasonally Flooded/Saturated",93.7946221395855,0.584782882316239,0.559472272037863,0.613684344003804
"Seasonally Flooded/Saturated",94.2096425915305,0.585394972583305,0.557648211621637,0.612100291195594
"Seasonally Flooded/Saturated",94.6246630434756,0.586007710502005,0.558177171897155,0.612868124676669
"Seasonally Flooded/Saturated",95.0396834954207,0.586621096764635,0.558706633920849,0.613636921346723
"Seasonally Flooded/Saturated",95.4547039473657,0.587235132064235,0.559236598168655,0.614406682414005
"Seasonally Flooded/Saturated",95.8697243993108,0.587849817094597,0.55976706511696,0.615177409088276
"Seasonally Flooded/Saturated",96.2847448512559,0.588465152550257,0.560298035242605,0.615949102580819
"Seasonally Flooded/Saturated",96.6997653032009,0.589081139126504,0.560808213120414,0.616721764104433
"Seasonally Flooded/Saturated",97.114785755146,0.589697777519376,0.561272060135053,0.61749539487344
"Seasonally Flooded/Saturated",97.5298062070911,0.590315068425663,0.561736290799659,0.618269996103685
"Seasonally Flooded/Saturated",97.9448266590362,0.590933012542906,0.562200905431552,0.619045569012539
"Seasonally Flooded/Saturated",98.3598471109812,0.5915516105694,0.562665904348313,0.619822114818898
"Seasonally Flooded/Saturated",98.7748675629263,0.592170863204192,0.563131287867785,0.620599634743189
"Seasonally Flooded/Saturated",99.1898880148713,0.592790771147086,0.563597056308075,0.621378130007369
"Seasonally Flooded/Saturated",99.6049084668164,0.593411335098639,0.564063209987553,0.622157601834927
"Seasonally Flooded/Saturated",100.019928918762,0.594032555760166,0.564529749224852,0.62293805145089
"Seasonally Flooded/Saturated",100.434949370707,0.594654433833737,0.564996674338868,0.623719480081819
"Seasonally Flooded/Saturated",100.849969822652,0.595276970022181,0.565463985648762,0.624501888955812
"Seasonally Flooded/Saturated",101.264990274597,0.595900165029085,0.565931683473959,0.625285279302513
"Seasonally Flooded/Saturated",101.680010726542,0.596524019558798,0.566399768134146,0.626069652353102
"Seasonally Flooded/Saturated",102.095031178487,0.597148534316425,0.566868239949277,0.626855009340309
"Seasonally Flooded/Saturated",102.510051630432,0.597773710007835,0.570433431604187,0.630713074345222
"Seasonally Flooded/Saturated",102.925072082377,0.598399547339658,0.568862380230028,0.629371178451147
"Seasonally Flooded/Saturated",103.340092534322,0.599026047019287,0.569401977766804,0.630116479963827
"Seasonally Flooded/Saturated",103.755112986267,0.599653209754878,0.56993088325809,0.630862664062752
"Seasonally Flooded/Saturated",104.170133438212,0.600281036255353,0.570412239890025,0.63160973179308
"Seasonally Flooded/Saturated",104.585153890157,0.600909527230398,0.570894003069866,0.632357684201208
"Seasonally Flooded/Saturated",105.000174342102,0.601538683390465,0.571565491153364,0.63325658394579
"Seasonally Flooded/Saturated",105.415194794047,0.602168505446773,0.572071764554695,0.633999051423719
"Seasonally Flooded/Saturated",105.830215245992,0.602798994111309,0.572574156302544,0.634742389414439
"Seasonally Flooded/Saturated",106.245235697938,0.603430150096829,0.573076989249354,0.635486598938589
"Seasonally Flooded/Saturated",106.660256149883,0.604061974116858,0.573580263782585,0.636231681018008
"Seasonally Flooded/Saturated",107.075276601828,0.60469446688569,0.574083980290036,0.63697763667573
"Seasonally Flooded/Saturated",107.490297053773,0.605327629118393,0.57458813915985,0.637724466935991
"Seasonally Flooded/Saturated",107.905317505718,0.605961461530804,0.575086000167246,0.638472172824226
"Seasonally Flooded/Saturated",108.320337957663,0.606595964839534,0.575567142024575,0.639220755367073
"Seasonally Flooded/Saturated",108.735358409608,0.607231139761969,0.576048686426022,0.639970215592375
"Seasonally Flooded/Saturated",109.150378861553,0.607866987016268,0.576530633708373,0.640720554529177
"Seasonally Flooded/Saturated",109.565399313498,0.608503507321364,0.577012984208696,0.641471773207733
"Seasonally Flooded/Saturated",109.980419765443,0.609140701396969,0.57749573826434,0.642223872659505
"Seasonally Flooded/Saturated",110.395440217388,0.60977856996357,0.577978896212937,0.642976853917162
"Seasonally Flooded/Saturated",110.810460669333,0.610417113742433,0.578462458392402,0.643730718014588
"Seasonally Flooded/Saturated",111.225481121278,0.611056333455602,0.578946425140931,0.644485465986874
"Seasonally Flooded/Saturated",111.640501573223,0.611696229825901,0.579430796797006,0.645241098870328
"Seasonally Flooded/Saturated",112.055522025168,0.612336803576933,0.579915573699388,0.6460019904063
"Seasonally Flooded/Saturated",112.470542477114,0.612978055433085,0.580400756187124,0.646812351002774
"Seasonally Flooded/Saturated",112.885562929059,0.613619986119524,0.580886344599545,0.647623728135275
"Seasonally Flooded/Saturated",113.300583381004,0.614262596362199,0.581372339276265,0.648436123078969
"Seasonally Flooded/Saturated",113.715603832949,0.614905886887846,0.581858740557182,0.649249537110624
"Seasonally Flooded/Saturated",114.130624284894,0.615549858423984,0.582345548782479,0.650063971508609
"Seasonally Flooded/Saturated",114.545644736839,0.616194511698916,0.58257918085948,0.650576687833199
"Seasonally Flooded/Saturated",114.960665188784,0.616839847441734,0.583071220088396,0.651347100915586
"Seasonally Flooded/Saturated",115.375685640729,0.617485866382315,0.583563674887609,0.652118426321346
"Seasonally Flooded/Saturated",115.790706092674,0.618132569251326,0.584056545608103,0.652890665130851
"Seasonally Flooded/Saturated",116.205726544619,0.618779956780221,0.584549832601161,0.653663818425755
"Seasonally Flooded/Saturated",116.620746996564,0.619428029701246,0.585043536218362,0.654437887288991
"Seasonally Flooded/Saturated",117.035767448509,0.620076788747436,0.58553765681158,0.655212872804776
"Seasonally Flooded/Saturated",117.450787900454,0.620726234652618,0.58603219473299,0.655988776058609
"Seasonally Flooded/Saturated",117.865808352399,0.621376368151411,0.586527150335062,0.656765598137276
"Seasonally Flooded/Saturated",118.280828804344,0.622027189979228,0.587022523970562,0.657543340128851
"Seasonally Flooded/Saturated",118.69584925629,0.622678700872276,0.587518315992558,0.658322003122693
"Seasonally Flooded/Saturated",119.110869708235,0.623330901567556,0.588014526754412,0.659101588209455
"Seasonally Flooded/Saturated",119.52589016018,0.623983792802867,0.588511156609789,0.659882096481078
"Seasonally Flooded/Saturated",119.940910612125,0.624637375316801,0.589008205912649,0.660663529030799
"Seasonally Flooded/Saturated",120.35593106407,0.625291649848752,0.589505675017252,0.661445886953148
"Seasonally Flooded/Saturated",120.770951516015,0.625946617138909,0.590003564278158,0.662229171343952
"Seasonally Flooded/Saturated",121.18597196796,0.626602277928263,0.590501874050225,0.663013383300334
"Seasonally Flooded/Saturated",121.600992419905,0.627258632958602,0.591000604688612,0.663798523920718
"Seasonally Flooded/Saturated",122.01601287185,0.627915682972518,0.591499756548778,0.664584594304829
"Seasonally Flooded/Saturated",122.431033323795,0.628573428713404,0.591999329986481,0.665371595553692
"Seasonally Flooded/Saturated",122.84605377574,0.629231870925455,0.592499325357781,0.666159528769638
"Seasonally Flooded/Saturated",123.261074227685,0.62989101035367,0.592999743019038,0.666948395056302
"Seasonally Flooded/Saturated",123.67609467963,0.630550847743854,0.593500583326911,0.667738195518628
"Seasonally Flooded/Saturated",124.091115131575,0.631211383842615,0.594001846638365,0.668528931262866
"Seasonally Flooded/Saturated",124.506135583521,0.63187261939737,0.594503533310662,0.669320603396577
"Seasonally Flooded/Saturated",124.921156035466,0.632534555156341,0.595005643701367,0.670113213028634
"Seasonally Flooded/Saturated",125.336176487411,0.633197191868558,0.595508178168348,0.670906761269223
"Seasonally Flooded/Saturated",125.751196939356,0.633860530283863,0.596011137069775,0.671701249229845
"Seasonally Flooded/Saturated",126.166217391301,0.634524571152904,0.596514520764119,0.672496678023315
"Seasonally Flooded/Saturated",126.581237843246,0.635189315227141,0.597018329610156,0.673293048763768
"Seasonally Flooded/Saturated",126.996258295191,0.635854763258847,0.597522563966964,0.674090362566659
"Seasonally Flooded/Saturated",127.411278747136,0.636520916001107,0.598027224193923,0.674888620548762
"Seasonally Flooded/Saturated",127.826299199081,0.637187774207817,0.598532310650719,0.675687823828175
"Seasonally Flooded/Saturated",128.241319651026,0.637855338633691,0.599037823697339,0.676523879521473
"Seasonally Flooded/Saturated",128.656340102971,0.638523610034254,0.599543763694077,0.677367457703527
"Seasonally Flooded/Saturated",129.071360554916,0.639192589165852,0.600050131001529,0.678212087768849
"Seasonally Flooded/Saturated",129.486381006861,0.639862276785643,0.600556925980597,0.679057771029064
"Seasonally Flooded/Saturated",129.901401458806,0.640532673651605,0.601064148992487,0.679904508797433
"Seasonally Flooded/Saturated",130.316421910752,0.641203780522536,0.60157180039871,0.680752302388854
"Seasonally Flooded/Saturated",130.731442362697,0.641875598158052,0.602079880561082,0.681601153119865
"Seasonally Flooded/Saturated",131.146462814642,0.642548127318588,0.602588389841726,0.682451062308645
"Seasonally Flooded/Saturated",131.561483266587,0.643221368765405,0.603097328603071,0.683302031275018
"Seasonally Flooded/Saturated",131.976503718532,0.643895323260581,0.603606697207849,0.684154061340452
"Seasonally Flooded/Saturated",132.391524170477,0.644569991567021,0.604116496019101,0.685007153828065
"Seasonally Flooded/Saturated",132.806544622422,0.645245374448451,0.604626725400176,0.685861310062622
"Seasonally Flooded/Saturated",133.221565074367,0.645921472669426,0.605137385714726,0.686716531370542
"Seasonally Flooded/Saturated",133.636585526312,0.646598286995323,0.605648477326713,0.687572819079898
"Seasonally Flooded/Saturated",134.051605978257,0.647275818192348,0.606160000600405,0.688430174520418
"Seasonally Flooded/Saturated",134.466626430202,0.647954067027533,0.606671955900378,0.689288599023487
"Seasonally Flooded/Saturated",134.881646882147,0.64863303426874,0.607184343591517,0.690148093922153
"Seasonally Flooded/Saturated",135.296667334092,0.64931272068466,0.607697164039014,0.691008660551125
"Seasonally Flooded/Saturated",135.711687786037,0.649993127044814,0.608210417608369,0.691870300246776
"Seasonally Flooded/Saturated",136.126708237982,0.650674254119555,0.608724104665393,0.692733014347144
"Seasonally Flooded/Saturated",136.541728689928,0.651356102680068,0.609238225576202,0.693596804191939
"Seasonally Flooded/Saturated",136.956749141873,0.652038673498371,0.609752780707226,0.694461671122538
"Seasonally Flooded/Saturated",137.371769593818,0.652721967347315,0.61026692004152,0.695327616481992
"Seasonally Flooded/Saturated",137.786790045763,0.653405985000588,0.610777495780261,0.696195688924149
"Seasonally Flooded/Saturated",138.201810497708,0.654090727232712,0.61128849868878,0.697091239720196
"Seasonally Flooded/Saturated",138.616830949653,0.654776194819047,0.611799929124466,0.69798794250733
"Seasonally Flooded/Saturated",139.031851401598,0.655462388535789,0.612311787445008,0.698885798767414
"Seasonally Flooded/Saturated",139.446871853543,0.656149309159975,0.612824074008391,0.699784809984216
"Seasonally Flooded/Saturated",139.861892305488,0.656836957469479,0.613336789172902,0.700684977643414
"Seasonally Flooded/Saturated",140.276912757433,0.657525334243017,0.613849933297129,0.701586303232598
"Seasonally Flooded/Saturated",140.691933209378,0.658214440260145,0.614363506739956,0.702488788241269
"Seasonally Flooded/Saturated",141.106953661323,0.658904276301263,0.614877509860571,0.703392434160847
"Seasonally Flooded/Saturated",141.521974113268,0.659594843147612,0.61539194301846,0.704297242484667
"Seasonally Flooded/Saturated",141.936994565213,0.66028614158128,0.615906806573411,0.705203214707987
"Seasonally Flooded/Saturated",142.352015017158,0.660978172385197,0.616422100885514,0.70611035232799
"Seasonally Flooded/Saturated",142.767035469104,0.661670936343139,0.616937826315158,0.707018656843781
"Seasonally Flooded/Saturated",143.182055921049,0.662364434239732,0.618422798120746,0.70886311397146
"Seasonally Flooded/Saturated",143.597076372994,0.663058666860447,0.618932739358383,0.70971852097802
"Seasonally Flooded/Saturated",144.012096824939,0.663753634991604,0.619443101085152,0.710574960230627
"Seasonally Flooded/Saturated",144.427117276884,0.664449339420373,0.619953883647781,0.711432432974924
"Seasonally Flooded/Saturated",144.842137728829,0.665145780934774,0.620465087393287,0.712290940458056
"Seasonally Flooded/Saturated",145.257158180774,0.66584296032368,0.620976712668967,0.713150483928676
"Seasonally Flooded/Saturated",145.672178632719,0.666540878376815,0.62148875982241,0.714011064636941
"Seasonally Flooded/Saturated",146.087199084664,0.667239535884755,0.621634026705522,0.714497476447916
"Seasonally Flooded/Saturated",146.502219536609,0.667938933638934,0.622154036548075,0.7153467249723
"Seasonally Flooded/Saturated",146.917239988554,0.668639072431638,0.622674481389718,0.716196982909704
"Seasonally Flooded/Saturated",147.332260440499,0.66933995305601,0.623195361594337,0.717087452319481
"Seasonally Flooded/Saturated",147.747280892444,0.67004157630605,0.624055335941676,0.718329570604185
"Seasonally Flooded/Saturated",148.162301344389,0.670743942976616,0.624569921677084,0.719196401076252
"Seasonally Flooded/Saturated",148.577321796335,0.671447053863426,0.6250849317314,0.720064277579413
"Seasonally Flooded/Saturated",148.99234224828,0.672150909763056,0.625600366454512,0.720933201375948
"Seasonally Flooded/Saturated",149.407362700225,0.672855511472944,0.626116226196593,0.721803173729657
"Seasonally Flooded/Saturated",149.82238315217,0.673560859791389,0.626632511308108,0.722674195905866
"Seasonally Flooded/Saturated",150.237403604115,0.674266955517553,0.627149222139809,0.723569397882058
"Seasonally Flooded/Saturated",150.65242405606,0.674973799451462,0.627666359042738,0.724500160827847
"Seasonally Flooded/Saturated",151.067444508005,0.675681392394005,0.627508653036328,0.724755344659587
"Seasonally Flooded/Saturated",151.48246495995,0.676389735146939,0.628038639146238,0.725616785640528
"Seasonally Flooded/Saturated",151.897485411895,0.677098828512886,0.628569072875914,0.72647925052639
"Seasonally Flooded/Saturated",152.31250586384,0.677808673295334,0.629099954603411,0.727342740534181
"Seasonally Flooded/Saturated",152.727526315785,0.678519270298642,0.629631284707102,0.728207256882357
"Seasonally Flooded/Saturated",153.14254676773,0.679230620328037,0.63016306356568,0.729072800790821
"Seasonally Flooded/Saturated",153.557567219675,0.679942724189615,0.630695291558158,0.729955166170064
"Seasonally Flooded/Saturated",153.97258767162,0.680655582690346,0.631227969063869,0.730865369446989
"Seasonally Flooded/Saturated",154.387608123565,0.681369196638069,0.631761096462466,0.731776707684037
"Seasonally Flooded/Saturated",154.802628575511,0.682083566841498,0.632294674133923,0.732689182296425
"Seasonally Flooded/Saturated",155.217649027456,0.682798694110221,0.632828702458536,0.733602794701133
"Seasonally Flooded/Saturated",155.632669479401,0.6835145792547,0.633141129276586,0.734287711505182
"Seasonally Flooded/Saturated",156.047689931346,0.684231223086273,0.633670842569559,0.735160482614982
"Seasonally Flooded/Saturated",156.462710383291,0.684948626417157,0.634200999043617,0.736034291096643
"Seasonally Flooded/Saturated",156.877730835236,0.685666790060443,0.634731599069545,0.736910254174142
"Seasonally Flooded/Saturated",157.292751287181,0.686385714830104,0.635262643018437,0.73779791882559
"Seasonally Flooded/Saturated",157.707771739126,0.687105401540992,0.635794131261699,0.738686652736868
"Seasonally Flooded/Saturated",158.122792191071,0.687825851008839,0.636326064171046,0.739576457195982
"Seasonally Flooded/Saturated",158.537812643016,0.688547064050259,0.636858442118506,0.740467333492488
"Seasonally Flooded/Saturated",158.952833094961,0.689269041482748,0.637391265476416,0.741359282917496
"Seasonally Flooded/Saturated",159.367853546906,0.689991784124687,0.637924534617427,0.742252306763671
"Seasonally Flooded/Saturated",159.782873998851,0.690715292795341,0.638458249914499,0.743146406325236
"Seasonally Flooded/Saturated",160.197894450796,0.69143956831486,0.638992411740906,0.744041582897972
"Seasonally Flooded/Saturated",160.612914902741,0.69216461150428,0.639527020470235,0.744937837779221
"Seasonally Flooded/Saturated",161.027935354687,0.692890423185527,0.640062076476382,0.745835172267887
"Seasonally Flooded/Saturated",161.442955806632,0.693617004181412,0.64059758013356,0.746733587664442
"Seasonally Flooded/Saturated",161.857976258577,0.694344355315638,0.641133531816293,0.74763308527092
"Seasonally Flooded/Saturated",162.272996710522,0.695072477412797,0.641669931899418,0.748533666390925
"Seasonally Flooded/Saturated",162.688017162467,0.695801371298374,0.642206780758086,0.749435332329634
"Seasonally Flooded/Saturated",163.103037614412,0.696531037798743,0.642744078767763,0.750338084393792
"Seasonally Flooded/Saturated",163.518058066357,0.697261477741175,0.643281826304228,0.751241923891721
"Seasonally Flooded/Saturated",163.933078518302,0.697992691953832,0.643820023743574,0.752146852133318
"Seasonally Flooded/Saturated",164.348098970247,0.698724681265775,0.641163512285486,0.749854463670402
"Seasonally Flooded/Saturated",164.763119422192,0.699457446506957,0.641702799179471,0.750742441520674
"Seasonally Flooded/Saturated",165.178139874137,0.700190988508231,0.642242539671248,0.751631470914545
"Seasonally Flooded/Saturated",165.593160326082,0.700925308101347,0.642782734142342,0.752551685346633
"Seasonally Flooded/Saturated",166.008180778027,0.701660406118955,0.643323382974598,0.753481272559807
"Seasonally Flooded/Saturated",166.423201229972,0.702396283394605,0.647058677441078,0.757599358753202
"Seasonally Flooded/Saturated",166.838221681918,0.703132940762746,0.647600034757677,0.758511945010369
"Seasonally Flooded/Saturated",167.253242133863,0.703870379058732,0.648141844997257,0.759425630547343
"Seasonally Flooded/Saturated",167.668262585808,0.704608599118819,0.648684108538751,0.760340416688291
"Seasonally Flooded/Saturated",168.083283037753,0.705347601780166,0.649226825761412,0.761256304758973
"Seasonally Flooded/Saturated",168.498303489698,0.706087387880839,0.649769997044808,0.762173296086748
"Seasonally Flooded/Saturated",168.913323941643,0.706827958259808,0.650313622768828,0.763091392000574
"Seasonally Flooded/Saturated",169.328344393588,0.707569313756952,0.650857703313675,0.764010593831009
"Seasonally Flooded/Saturated",169.743364845533,0.708311455213056,0.651402239059873,0.764930902910213
"Seasonally Flooded/Saturated",170.158385297478,0.709054383469815,0.651947230388263,0.765852320571954
"Seasonally Flooded/Saturated",170.573405749423,0.709798099369834,0.652492677680003,0.766774848151602
"Seasonally Flooded/Saturated",170.988426201368,0.71054260375663,0.653038581316574,0.767698486986138
"Seasonally Flooded/Saturated",171.403446653313,0.711287897474629,0.653584941679773,0.768623238414155
"Seasonally Flooded/Saturated",171.818467105258,0.712033981369174,0.654131759151717,0.769549103775855
"Seasonally Flooded/Saturated",172.233487557203,0.712780856286518,0.654679034114843,0.770476084413057
"Seasonally Flooded/Saturated",172.648508009148,0.713528523073831,0.655226766951908,0.771404181669196
"Seasonally Flooded/Saturated",173.063528461094,0.7142769825792,0.65577495804599,0.772333396889324
"Seasonally Flooded/Saturated",173.478548913039,0.715026235651627,0.656323607780485,0.773263731420114
"Seasonally Flooded/Saturated",173.893569364984,0.715776283141032,0.656872716539113,0.774195186609861
"Seasonally Flooded/Saturated",174.308589816929,0.716527125898255,0.657422284705913,0.775127763808484
"Seasonally Flooded/Saturated",174.723610268874,0.717278764775056,0.657972312665245,0.77606146436753
"Seasonally Flooded/Saturated",175.138630720819,0.718031200624115,0.658522800801792,0.77699628964017
"Seasonally Flooded/Saturated",175.553651172764,0.718784434299035,0.659073749500559,0.777932240981209
"Seasonally Flooded/Saturated",175.968671624709,0.719538466654341,0.659625159146871,0.778869319747082
"Seasonally Flooded/Saturated",176.383692076654,0.720293298545482,0.660177030126377,0.779807527295859
"Seasonally Flooded/Saturated",176.798712528599,0.721048930828834,0.660729362825049,0.780746864987243
"Seasonally Flooded/Saturated",177.213732980544,0.721805364361695,0.66128215762918,0.781687334182579
"Seasonally Flooded/Saturated",177.628753432489,0.722562600002295,0.661835414925389,0.782628936244849
"Seasonally Flooded/Saturated",178.043773884434,0.723320638609788,0.662389135100616,0.783571672538678
"Seasonally Flooded/Saturated",178.458794336379,0.724079481044259,0.662943318542125,0.784515544430335
"Seasonally Flooded/Saturated",178.873814788324,0.724839128166722,0.663497965637506,0.785460553287733
"Seasonally Flooded/Saturated",179.28883524027,0.725599580839123,0.664053076774671,0.786406700480435
"Seasonally Flooded/Saturated",179.703855692215,0.72636083992434,0.664608652341858,0.787353987379653
"Seasonally Flooded/Saturated",180.11887614416,0.727122906286183,0.665164692727629,0.78830241535825
"Seasonally Flooded/Saturated",180.533896596105,0.727885780789397,0.665721198320871,0.789251985790742
"Seasonally Flooded/Saturated",180.94891704805,0.728649464299663,0.666278169510797,0.790202700053304
"Seasonally Flooded/Saturated",181.363937499995,0.729413957683596,0.666835606686946,0.791154559523766
"Seasonally Flooded/Saturated",181.77895795194,0.730179261808749,0.667393510239181,0.792107565581618
"Seasonally Flooded/Saturated",182.193978403885,0.730945377543615,0.667951880557694,0.793061719608012
"Seasonally Flooded/Saturated",182.60899885583,0.731712305757624,0.668510718033001,0.794017022985763
"Seasonally Flooded/Saturated",183.024019307775,0.732480047321147,0.669070023055945,0.794973477099355
"Seasonally Flooded/Saturated",183.43903975972,0.733248603105497,0.669629796017697,0.795931083334934
"Seasonally Flooded/Saturated",183.854060211665,0.734017973982926,0.670190037309756,0.796889843080321
"Seasonally Flooded/Saturated",184.26908066361,0.734788160826635,0.670750747323946,0.797849757725006
"Seasonally Flooded/Saturated",184.684101115555,0.735559164510765,0.671311926452421,0.798810828660154
"Seasonally Flooded/Saturated",185.099121567501,0.736330985910403,0.671873575087662,0.799773057278603
"Seasonally Flooded/Saturated",185.514142019446,0.737103625901583,0.672435693622479,0.800736444974873
"Seasonally Flooded/Saturated",185.929162471391,0.737877085361288,0.67299828245001,0.801700993145161
"Seasonally Flooded/Saturated",186.344182923336,0.738651365167447,0.673561341963722,0.802666703187347
"Seasonally Flooded/Saturated",186.759203375281,0.739426466198939,0.674124872557412,0.803633576500994
"Seasonally Flooded/Saturated",187.174223827226,0.740202389335594,0.674688874625206,0.804601614487351
"Seasonally Flooded/Saturated",187.589244279171,0.740979135458195,0.67525334856156,0.805570818549355
"Seasonally Flooded/Saturated",188.004264731116,0.741756705448475,0.675818294761258,0.806541190091634
"Seasonally Flooded/Saturated",188.419285183061,0.742535100189122,0.676383713619418,0.807512730520507
"Seasonally Flooded/Saturated",188.834305635006,0.74331432056378,0.676949605531485,0.808485441243987
"Seasonally Flooded/Saturated",189.249326086951,0.744094367457045,0.677515970893237,0.809459323671782
"Seasonally Flooded/Saturated",189.664346538896,0.744875241754474,0.678082810100782,0.810434379215301
"Seasonally Flooded/Saturated",190.079366990841,0.74565694434258,0.678650123550561,0.811410609287651
"Seasonally Flooded/Saturated",190.494387442786,0.746439476108834,0.679217911639345,0.812388015303641
"Seasonally Flooded/Saturated",190.909407894731,0.747222837941669,0.679786174764238,0.813366598679785
"Seasonally Flooded/Saturated",191.324428346677,0.748007030730476,0.680354913322675,0.814346360834303
"Seasonally Flooded/Saturated",191.739448798622,0.748792055365611,0.680924127712424,0.815327303187125
"Seasonally Flooded/Saturated",192.154469250567,0.749577912738392,0.681493818331588,0.816309427159888
"Seasonally Flooded/Saturated",192.569489702512,0.750364603741101,0.682063985578599,0.817292734175945
"Seasonally Flooded/Saturated",192.984510154457,0.751152129266986,0.682634629852225,0.818277225660361
"Seasonally Flooded/Saturated",193.399530606402,0.751940490210258,0.683205751551568,0.819262903039918
"Seasonally Flooded/Saturated",193.814551058347,0.7527296874661,0.683777351076063,0.820249767743119
"Seasonally Flooded/Saturated",194.229571510292,0.753519721930661,0.684349428825478,0.821237821200185
"Seasonally Flooded/Saturated",194.644591962237,0.754310594501058,0.684921985199918,0.82222706484306
"Seasonally Flooded/Saturated",195.059612414182,0.755102306075381,0.685495020599821,0.823217500105415
"Seasonally Flooded/Saturated",195.474632866127,0.75589485755269,0.68606853542596,0.824209128422646
"Seasonally Flooded/Saturated",195.889653318072,0.756688249833019,0.686642530079444,0.825201951231878
"Seasonally Flooded/Saturated",196.304673770017,0.757482483817374,0.687217004961717,0.82619596997197
"Seasonally Flooded/Saturated",196.719694221962,0.758277560407736,0.68779196047456,0.827191186083509
"Seasonally Flooded/Saturated",197.134714673907,0.759073480507063,0.688367397020089,0.828187601008822
"Seasonally Flooded/Saturated",197.549735125853,0.759870245019288,0.688935939342147,0.829185216191972
"Seasonally Flooded/Saturated",197.964755577798,0.760667854849324,0.689504024552829,0.830184033078761
"Seasonally Flooded/Saturated",198.379776029743,0.761466310903061,0.690072578197203,0.831184053116732
"Seasonally Flooded/Saturated",198.794796481688,0.76226561408737,0.690641600661534,0.832185277755173
"Seasonally Flooded/Saturated",199.209816933633,0.763065765310104,0.691211092332402,0.833187708445117
"Seasonally Flooded/Saturated",199.624837385578,0.763866765480095,0.691781053596708,0.834191346639345
"Seasonally Flooded/Saturated",200.039857837523,0.764668615507163,0.692351484841669,0.835196193792389
"Seasonally Flooded/Saturated",200.454878289468,0.765471316302108,0.692922386454826,0.836202251360531
"Seasonally Flooded/Saturated",200.869898741413,0.766274868776717,0.693493758824034,0.837209520801808
"Seasonally Flooded/Saturated",201.284919193358,0.767079273843765,0.694065602337473,0.838218003576016
"Seasonally Flooded/Saturated",201.699939645303,0.767884532417012,0.69463791738364,0.839227701144705
"Seasonally Flooded/Saturated",202.114960097248,0.768690645411208,0.695210704351352,0.840238614971188
"Seasonally Flooded/Saturated",202.529980549193,0.769497613742093,0.69578396362975,0.841250746520541
"Seasonally Flooded/Saturated",202.945001001138,0.770305438326396,0.696357695608292,0.842264097259604
"Seasonally Flooded/Saturated",203.360021453084,0.771114120081841,0.696931900676758,0.843278668656984
"Seasonally Flooded/Saturated",203.775041905029,0.771923659927141,0.697506579225252,0.844294462183057
"Seasonally Flooded/Saturated",204.190062356974,0.772734058782007,0.698081731644197,0.84531147930997
"Seasonally Flooded/Saturated",204.605082808919,0.773545317567141,0.698657358324339,0.846329721511645
"Seasonally Flooded/Saturated",205.020103260864,0.774357437204246,0.699233459656745,0.847349190263776
"Seasonally Flooded/Saturated",205.435123712809,0.775170418616018,0.699810036032807,0.848369887043838
"Seasonally Flooded/Saturated",205.850144164754,0.775984262726153,0.700387087844237,0.849391813331084
"Seasonally Flooded/Saturated",206.265164616699,0.776798970459347,0.700964615483071,0.850414970606549
"Seasonally Flooded/Saturated",206.680185068644,0.777614542741297,0.70154261934167,0.851439360353053
"Seasonally Flooded/Saturated",207.095205520589,0.7784309804987,0.702121099812715,0.852464984055201
