"Intermittently Exposed","Intermittently Flooded","Permanently Flooded","Seasonally Flooded","Seasonally Flooded/Saturated","Seasonally Saturated","Semipermanently Flooded","Temporary Flooded"
0.00476773397823531,0.00767926999296283,-0.00143688386199891,0.00463785632243003,0.000527011620312866,0.00449386253267395,0.00406238002639137,0.0177031328978815
0.00441010456906299,0.00628048427949997,-0.00128016641765532,0.00892143105563059,0.0028868478645548,0.00292612876876007,0.00251510967844078,0.0074060013326953
0.00441553122282868,0.00970118373781322,0.0121385625382904,0.00403570516177229,0.00562066693473287,0.0109447227908203,0.00726252427418883,0.0127879933326892
0.00603806061242083,0.00827687569332329,-0.00139975981180188,0.00680841906254745,0.00866211232672948,0.00279311039891239,0.00303414604965053,0.00782055816523287
0.011151512227174,0.0192273058180258,0.000338007827900761,0.00340436285269336,0.00637739689082249,-0.0015268173683433,0.00366829496392976,0.0103487494675589
0.0015928645461951,0.00929873804189674,0.00170847089291993,0.00416390278315032,0.00378260556907807,0.00145739984397316,-0.00207099560440038,0.00258704861494663
0.00985985708683358,0.00918419282285755,-0.00348707856620353,-0.000549529194788522,0.00686305027156323,0.00367878697920372,0.00323871376020057,0.00309232368290612
0.000771645484966877,0.00642453278111313,0.00387151008056883,0.0142994284478719,-0.00213362746210151,0.00667172354095626,0.003121983850543,0.00992792058945365
0.00153445250767706,0.00677567939608603,0.00386055034925544,0.00506508364739681,0.00420128726726226,0.00275962775018851,0.000320287619598317,0.0132121812792363
0.00274400205498133,0.00900148457633597,0.00819638530316047,0.00591499699928082,0.00803881565070923,0.0103873250924678,0.00535694061473441,0.00587161838009329
0.00739902137669893,0.015721578725408,0.00560737633540872,0.00576000479949961,0.00773897001693842,0.0013857789879378,0.00639309714910792,0.00441347840725554
0.00686129145454649,0.00678197796902433,0.00145384898948465,0.00416276442899952,-0.000692985816946097,0.00255221994466485,0.00498589789589669,0.021004124068763
0.00369556679191576,0.00609354856664543,0.00857393975330467,0.0084053817687821,0.00355553069199071,0.00828153533760839,0.00565240729422544,0.00168425275296302
0.00895629051135319,0.0094557539273732,0.00129086933947001,0.00787635007501862,0.00735867256053182,0.00700698788434129,0.00524945210894559,0.00782766415639096
0.000139363836627284,0.00726509827661875,0.00271122223395795,0.00577524419628861,0.00154156824103078,0.0087079996129403,0.00603549988946993,0.0054924491813752
0.0113489550454067,0.00894912765563303,0.00907819964757238,0.0114568216632526,0.00984445910116601,0.00616284080675444,0.0052952256274383,0.0107256125485286
0.00110348697783644,0.013327919757113,0.00165237823270389,0.00582235304677626,0.00130203940047052,0.00739381298539185,0.00617491008518464,0.0132775118807554
0.011134854639139,0.00914847898773281,0.00674513729777103,0.0028209450529053,0.0104226409649174,0.0034761743154153,0.00280819006723185,0.00935527769429432
0.00091962389079633,0.0099452082357703,0.00353260364197615,0.00681426525798489,0.00230015108209774,0.00870512542997164,0.00356535536985248,0.0165074946017977
0.00691331667808639,0.0113760404981617,0.00364927388130446,0.0115567599468938,0.00714216797220151,0.0121500218337486,0.0053918113579934,0.0137091848813748
0.00600112139549392,0.0163405839595811,0.00425809753217025,0.00868154211672221,0.00678357945218316,0.0117118290549758,0.00774757376582555,0.0156787746625501
0.00350304410227494,0.00492394509419624,0.00590471564096864,0.00479609278285889,0.00158080665693618,0.000751986387904625,0.00721711959724143,0.00624359735360395
0.00502150890997505,0.0159097969580792,0.00277059980761251,0.00816241322511642,0.0085974544259708,0.00670897521449755,0.00466873604679169,0.013984814128188
0.00240975961204412,0.0108877587150242,0.0052967563086368,0.0102354597549337,0.00612792454266477,0.00740437293324975,0.0100466235791333,0.0148855747971978
0.00846011980179723,0.00778167188033699,0.000696173247698542,0.00547278892931141,0.00443386611350501,0.0100477292243691,0.00246988592706739,0.00933552458336178
0.00214434836002001,0.0130131349087008,0.0082662285445295,0.00785734319064319,0.00762503889412553,0.00207785948707419,0.00743161271807193,0.00903366721552509
0.00603162525436973,0.0073395124359221,0.0012469121945916,0.00278833206100917,0.00235996374427391,0.00738044878455494,0.00352478373447997,0.0113048618600794
0.000420689600741066,0.00457140730228274,0.00653538361475766,0.00122260219651152,0.00539324926177593,0.00596953554878855,0.00587313706142927,0.0162362448760181
-0.00151980559036988,0.0104261782097543,0.00379004242912491,0.0104038851320494,0.0043669994091208,0.00767667900442751,0.00651882430267453,0.0101153921356417
-0.00128483275040773,0.0190262420180646,-0.00111074306863302,0.00550504430479714,0.00535687830884411,0.0133645576516887,0.00570101280859827,0.0103288762263652
0.0133879032510243,0.0108567391378059,-0.00192857898854429,0.0125053924870376,0.00258817736906765,0.00530236737738306,0.00247825459939913,0.00996313019157481
-0.00106627385326382,0.00666317351171441,0.00597467221252221,0.000239363729551381,0.0056111819656688,0.00819130578256269,0.0082385333335497,0.0116778525060563
0.0110572967157919,0.0129415991516527,0.00628144736285417,0.00936092016526757,0.006893580560485,0.0102515457904297,0.0125287742684348,0.00377515188038005
0.00348374865901088,0.0090713061318689,0.0122403982574925,0.00781411293356141,0.00323792077258199,0.00768481529864644,0.00505681992967377,0.00264620627700702
0.00658516337830304,0.0142565374610982,-0.000263715130836845,0.00466756417063039,0.00675493872268572,0.0063487434125328,0.0050724785638035,0.0129287423236227
0.00319351325390645,0.00711286988408769,0.0102731929081474,0.00901476942833161,0.00551157107877049,0.00623531239868561,0.00372439637879026,0.00553827428937269
0.00532438296907856,0.00821938151827445,0.00401785577050292,0.013608217774126,0.000407785855837442,0.000294004388174246,0.00740931644883068,0.00607918442065034
0.00308277985639061,0.0106082956782534,0.00446851406506655,0.0122974549931781,0.000996980638119035,-0.000527614192540873,0.00344201283832238,0.00675984461304158
0.00975015395084808,0.014027523610221,0.00505812402743683,-0.00139886811539864,-0.00102082995271396,0.00883426954780282,0.00717962792700674,0.00849335132911634
0.000910591232407778,0.00482514358944386,0.00100018052914396,0.0184844538535547,0.00307740731578394,0.00262719414629124,0.00326960723296397,0.0106455713790758
0.00513488802267125,0.0104741992959607,0.00996287901350644,0.0104384141383684,0.0108373150422936,0.00581774290490352,0.00574438252463373,0.0108024497338841
0.0027225120791039,0.00504977886732869,0.000484184087909658,0.00364742523123209,0.000432313065436958,0.00678177756076467,0.00502471802376687,0.00949563660012966
0.0110661908886852,0.0148916260070098,0.00282009556090408,0.00499528867177462,0.0102081013806166,0.0045270329528957,0.00389577054362615,0.0116000043677933
0.0061374612364457,0.0108865037539611,0.00586028997545056,0.00324982518851793,0.00571687454348324,0.0155388093643743,0.00870622245968802,0.00992680582087254
0.00301468663987575,0.00597620530059924,0.00663394580653862,0.0155332454576482,0.00546334378766083,0.00861567943578009,0.00877604798148775,0.00778667551768678
0.0017512549840425,0.00416667042028352,0.00342134084604879,0.00354030575480501,0.00575197150106938,0.00477747339065127,0.0109927664097758,0.00773868986898296
0.0088228441606983,0.0185779546093027,0.00166758418174734,0.0087039779467479,0.00259596541712966,0.00427571373668689,0.000539710953231479,0.0122621325556412
0.00647845065091857,0.0167194311992853,0.00307454891174863,0.00733291225072714,0.00375699825630937,0.00661477889396996,0.000477276164250262,0.0111542449801099
0.00378404193887508,0.00445288859620641,0.00534574701142386,0.00279955892426622,0.00714566949583676,0.00586400376497857,0.00817594328680511,0.00793050266512673
0.00625133544746313,0.0121129285654041,0.00275648944516606,0.0104776578248394,0.00279335847765578,0.00850455360762375,0.00161343616103787,0.00872742915175033
0.0106096864358872,0.0128940051128859,0.00797107632292175,0.00525901313827074,0.007521911022582,0.00510870007965132,0.00114056408713901,0.00915482864228959
-0.00157054231727615,0.0100408622710725,-7.73210753781794e-05,-0.00113888467539075,0.00317721422183716,0.00838701617920103,0.0109572272114392,0.00416695896798964
0.000823677965274151,0.012366782965148,0.000280593618773715,1.91899524045963e-05,0.010572036073174,0.00588311928857143,0.00747478508647221,0.00517227457299364
0.00739830115988013,0.00856402493904158,0.00873451602971274,0.0117351974299815,0.00374340351918127,0.00701504521175959,0.00477237700513355,0.0157362256796188
0.00409651092281453,0.0078554833809454,0.00664518590834122,0.00602699521179979,0.00449576684446475,0.00953614943320599,0.00683618188970074,0.00483704307369744
0.0037944128629868,0.00468791072191083,0.00669184719854462,0.00617282313878483,0.00153566219871778,0.00448950085259864,0.00587673176216649,0.0106592504328379
0.00501275719022948,0.00643459189928638,0.00488318523653639,0.0045627889451794,0.000865611487207386,0.00760714711913902,0.00657308573562644,0.0093681858308292
0.00858044456786364,0.00492489368606655,0.0052370042125224,-0.000477605707190612,0.0116710095707291,0.00337126852452738,0.00262861126216208,0.0128327323025097
0.00335824651416907,0.00659286225293296,0.00465757594495297,0.000198322347539724,0.00371444159622013,0.00329028398951448,0.000701675689030515,0.0184392154583636
0.00427790132176839,0.0112323937753727,0.00325278044938015,0.00275142425430159,0.00457652815439136,0.00789010197702709,0.0016046201562183,0.0209636977263146
-0.00142208338720702,0.0102050477846813,0.00351419618485239,0.0123546334800851,0.00244789157920407,0.0059000713471771,0.000309390425657854,0.00496709382197332
-0.00160841697703909,0.0106554368648652,0.00687664459431364,0.00719718223499243,0.00199755376137873,0.0129212347587103,-0.000319467353527611,0.0137953967366968
0.00298444901179167,0.00842865308824246,0.00374069896883212,0.00822311166087556,0.00770969160891539,0.00947691119525051,0.0122021959829817,0.0124810986873167
0.00481388040775621,0.00733831585277015,0.000189809999292395,0.0104331907485624,0.00881622550662753,0.00698329830982969,0.0089384270084683,0.0122168951736866
0.0035945317915315,0.00900873247152138,0.00164600169193405,0.0109456236072134,0.00584386833430349,0.000664784007818598,0.0012414784286125,0.0121637090701665
0.0131717837657092,0.00693781664643597,0.0055726497536434,0.00501162334197167,0.00496442705932426,0.012690561615482,0.00199840317081471,0.00726998798382304
0.00719467990346382,0.00782023563307291,0.00729386001446995,0.00425928501455228,0.00123385757876944,0.00944962109177696,-0.000427309631119331,0.0119026313416792
0.00113314958969268,0.0108834970268431,0.00228388690208424,0.00955354243574901,0.0110797607488765,0.00305509014859039,0.0116525581884515,0.00920872321594193
-0.00138371321007974,0.00772024798498321,0.00420394218214314,0.00602240401398241,0.000885672067483303,0.00103763697721351,0.00206958713143538,0.0177581701833599
0.0130805935129854,0.0099180466214059,0.00595503958235153,0.00850472694177397,-0.000690189402377733,0.0140939189070622,0.00988520874602979,0.00281123219201431
0.00183559908473528,0.0106935211504704,0.00698933657313303,0.0125673930808564,0.0108451924188344,0.00529725278168057,-0.0011213636015089,0.00355759127268494
0.00631080261872966,0.00934565848854251,0.0108535105431141,0.0108216330665381,-0.00122377007507997,0.000427224099714222,0.00763005978141422,0.0138090551461272
0.00103458479753382,0.00816273745484941,0.00390981331862427,0.00658051184845672,0.0057627275911707,0.00284383060600889,0.000492867139701998,0.00933012444191548
0.00709924644892171,0.0139278616686247,0.00451497423520931,0.00962913205043262,0.0046588289153176,0.00850122902138037,0.00360078680998184,0.0123127701365727
0.00490618345589888,0.00862887497754502,0.00323382801909071,0.00763097365889566,0.00610494439116304,0.00577426269219253,0.00795316613452413,0.00734315985686849
0.00668290988880399,0.013984515546086,0.00807562451786368,0.00857484870542779,0.00364098341023695,0.00992037478043131,0.00306366880675769,0.0090295675147902
0.00866061244208411,0.0059111561945846,0.000704591251591802,0.00496097142958895,0.00635942552305374,0.013296836663632,0.00876620919430939,0.0141515772498032
-0.00340102818267564,0.0144208110275031,0.00233308520140105,0.0094983568735946,0.00446190316298088,0.00376609734927792,0.00239751952783912,0.00834766914640789
0.00495855332595256,0.00763101364140936,0.00586513226076235,0.00490113946448221,0.00618771555388239,0.0036237668187178,0.00316809145424984,0.00769486712520779
0.00423673322980362,0.00798313199245135,0.00522796357262427,0.00580588877343418,0.00189557883472587,0.0167648621602573,0.00790443477970431,0.0089198475450002
0.00556867362513069,0.0138770435535106,0.00484462953816048,0.00892696101110193,0.00455348668786774,-3.57672114325164e-05,0.000628048140460791,0.0136540033596496
0.00211291109142756,0.00668461776283168,0.00395622515651883,0.00421772906772317,0.00145166303255763,0.0156555269673837,0.0118649253073144,0.00582379141701218
0.00208844983647034,0.0135329440601942,0.00322112242420378,0.00352389671368234,0.00754447145624492,0.00139792816574914,0.000823394918775213,0.0173629625681813
0.00779891790365819,0.00763826997752961,-0.00163607459887393,0.0107277715332892,0.00163570493629878,0.0115945380519655,0.00874902361376403,0.00516866314107697
0.0027493757269399,0.0126446725793286,0.0113897335991578,0.00285132931946788,0.008076336341486,-0.00118004565271844,0.00133013843105366,0.0167658889840314
0.00271653571676483,0.0107558077705486,0.00646145543410176,0.00295577940667319,0.00284725519371819,-0.000787703953839464,0.00231341423678316,0.0159117664197088
0.0131968064823992,0.00983581322299179,0.0083108131739301,-0.00226785981653936,0.00807718403949289,-0.000285689635745654,0.00883844669109423,0.00447372831988905
0.000407068426763036,0.0126316054922911,-0.00020943210128265,0.00360292770773364,0.00304002867417729,0.0057511189225267,0.00166276142372268,0.0108305745381376
0.00801165256210939,0.0112589186262979,0.00506878256044322,0.00251505867553351,0.000173917673167395,0.00582583488283497,0.00471422880072494,0.0137626665482104
-0.000405610540707653,0.00837439036659493,0.00585786765545479,0.00959851078956814,0.00985736395853599,0.00661885857635925,0.000606786081928387,0.0102421368567038
0.012132944553789,0.0130811298552307,0.00173299412672959,0.00502283570160685,0.000700678377569895,0.00646056414354011,0.0051878456355578,0.0107053445174768
-0.00184355562993816,0.00985524638381518,0.00204349194240636,0.00512854770488801,0.00938694967631635,0.00949987746319968,0.0058387004680029,0.0106606504696096
0.0135834541853723,0.0115901667885608,0.00770869333125526,0.00837705543350938,0.00783070710103576,0.00410005713860138,-0.00217003134163075,0.010586203554173
0.0057875563741534,0.0104429389089915,0.00420979580570438,0.00788460407837745,0.00668808278534019,0.00727976299571536,-0.00116064584236563,0.0120584050406216
0.00461108800752459,0.0170426819860194,-0.00166068919901886,0.0118484236195196,0.00729473339640868,0.00316218196808854,0.000558898310723529,0.0116165546298347
0.00442217083075687,0.00573724616811618,0.00965729458882697,0.00350109239316847,0.00272433175199907,0.0100578143094163,0.0103922712954139,0.00965939472368623
0.0114819911166259,0.00508238374233407,-0.0015640913349647,0.00103000537312898,0.00269182240053184,0.00436825197321292,0.00331769564898947,0.0151678423270697
0.00282687855197936,0.00863619594499644,0.00170197867496742,0.00549922282973229,-0.00149669860819033,0.00366030523441097,0.0070970571907844,0.012338478956308
0.00770763396391888,0.00938944290954268,0.00633541179173653,0.00575015387517355,0.00926793895629789,0.00785493866561551,0.00373641220373487,0.00850935273925202
0.00597471708925492,0.0137709203724868,0.00581407047073245,0.00487229497266009,0.00382800201897829,0.00352060407529614,-0.000678002355897332,0.00941637932359292
0.0022336689353613,0.0116263092926464,0.00766577162574829,0.00590724600527099,0.00327732284084368,0.0102915931171636,0.00282541387803105,0.011353911312274
0.00832031209862946,0.00908402092427983,0.00216862316979593,0.00764233366639423,0.00291862931192824,0.00146069271231051,0.00216683401720561,0.00974848703629512
-0.000697438799330956,0.00356284286333088,0.00510754217547074,0.00267264204347407,0.00233666004697762,0.00822679362427813,0.0118414550061618,0.00975676473471244
0.000911543985890398,0.0130325893911341,0.00436560024754855,0.00650071670602587,0.00630349201226112,0.0112114023006295,0.0025803702913291,0.01331519727209
0.00692580518078169,0.0035796065683442,-0.00238750735042597,0.0025886399313572,0.0042445900615495,0.00136136412556577,0.0072897091893532,0.00686963499335065
0.0127236452570298,0.00400679236002724,-0.000842692313863913,0.00073110596801378,0.00585754712293325,-0.00106432070929587,0.00140630293638264,0.0109080618946631
8.15905991939396e-05,0.0109711956656255,-6.6677759623518e-05,0.00784485017865345,0.00810786867751109,0.000391422249906301,0.00498051259070181,0.0147789060003268
0.00688354421820227,0.0120212521068946,0.00230393967952908,0.00475676512696318,0.00149648085588657,0.0161318102020283,0.00619289432192588,0.00827311235637014
0.00706532726925164,0.00824664889526928,0.0127768725144341,0.00113155862306749,0.0107427457329045,0.00392712125023459,0.00572894683061649,0.015727945688687
0.00225037307900807,0.0114492810391045,-0.00289745211819764,0.0119855337057195,0.00579363587839693,0.0103496257757137,0.00212314560732581,0.00415717286540561
0.00703827034803192,0.00914514439449812,-0.00161552008895391,0.00883180632345766,0.00158274293107769,0.0111608261816183,0.0022478747413711,0.00398308484759024
0.00166715071508438,0.0113880714764991,-0.00315679870380788,0.0102921333587439,0.00283674028723044,0.00634689706382831,0.000747901926757459,0.00510230504479926
0.00728439304085652,0.00747150388490337,0.00268250822647467,0.00812472588287181,0.00872162629621319,0.00491331079478058,-0.00143380345964452,0.0124530422648422
0.00509446616971755,0.00978839576541689,-0.00260266206088165,0.00543259290406522,0.00554765824944629,0.00718074119724244,0.00171496198740154,0.00948941315148436
0.0108511217828384,0.00672044468579841,0.0039186670719521,0.0102407526630669,0.00519895685946347,0.00181121793822491,0.0137754519308437,0.00387008432612824
0.00519016167346089,0.0083646024255759,0.00358037182929453,0.0140220001264404,0.0084645734708933,0.00417791730396358,0.0138289143823569,0.00504741642048767
0.00510808666903731,0.00932854306951431,0.00501647682882983,0.00146692671236262,0.00165102125190743,0.00388415479553548,-0.00255448390747588,0.0187007660635175
0.00491248195637789,0.0095176329769743,0.00503218536910422,0.00631022484164552,0.00843828846121651,0.0106436181698492,-0.0020833214172215,0.00318655198832625
0.00361770991691457,0.013580738753996,0.00318542798843332,0.00509396618024836,-0.00113574021065516,0.008254009898533,0.00787101169427351,0.00792113516275585
0.00186148157493174,0.0104342801691095,0.00662660108016927,0.00414692616079968,0.00239997954189517,0.00561392938250778,0.00562176365646876,0.00810340181414323
0.00679813544023182,0.00717471855459238,0.00240604987037839,0.00819505472704194,0.00984694931485416,0.00642140260899802,0.004735655878084,0.00920047180396261
0.00337971102178369,0.00580543625590416,0.00387895058856556,0.00862371827264787,0.00022647219671321,0.00526813707810209,0.00443816236684264,0.0156457970023872
0.00431116511786144,0.00400560834359673,0.00492952696294139,0.00564754852572987,0.0100955269587187,0.0050055275648188,0.00048193452325441,0.0167945018241616
0.00676751697809749,0.00949157545466858,0.00583960089717805,0.0043237612341035,0.00156036260372982,0.00761403987230609,0.0083795841634012,0.00630952928347198
0.00353373004544939,0.0116850211235819,0.000435015573409735,0.00923952363110582,0.00104679206429036,0.0051668974337013,0.0019441782896438,0.0121707105462842
0.00742752921434936,0.00825485982872358,0.00301575467003613,0.000906701531241417,0.00538942813713295,0.00784636005792211,0.00958327010111844,0.00734336438902913
0.00311348048392859,0.0109618528860751,0.00636384140342118,0.0125043958786203,0.0051847598738848,0.00503221431355909,0.0010215491569569,0.0130236506371159
0.00418492244929152,0.0107930537660937,0.00422245693294556,0.00405141656283028,0.00456879455684556,0.00884639428582619,0.00297290641043767,0.0101057209224525
0.00330070642401992,0.0105239966272405,0.0107315464869786,0.0146065883397533,0.0088438111413432,0.00677151014767365,0.00914975982346432,0.0131356391112574
0.00493304885781479,0.00819236356623919,0.0078417795894919,0.013918270094711,0.00964227031000904,0.0063971359405406,0.0120290840513364,0.0115463751629518
0.00763005561066089,0.00822826176936997,0.00166000565300089,0.00986173462490787,0.00233784638019988,0.00478625974891734,0.00190244933578732,0.0117998928670521
0.00533284929786196,0.00590152430356815,-0.000829502326171376,0.00481451102557125,0.00251618934738879,0.00741214004551918,0.000396086610612995,0.00450812270836639
0.00672659560810968,0.0146803419625252,0.0152910430903715,0.00284456538600945,0.0118354957004628,0.0148623321647334,0.00236233105438776,0.00688987293732753
0.00213077358158482,0.00798710625047206,0.000935653469411332,0.00827722432002906,0.00130625618308302,0.00410307029052028,0.00889196069917346,0.0149100823864198
0.00455628282808284,0.0127883676460017,0.00586160058377481,0.00399588600756705,0.00310882728950905,0.00226116075048274,0.00249797664072819,0.0069391115476023
0.0121484418065507,0.0153145922353921,0.0100627250864346,0.00534036603796166,0.00289371983965603,0.00844175038934114,0.00167870994627193,0.0108243060313121
-0.00118721080064948,0.00588701028312256,-0.000145871248442666,0.00720599996555607,0.00440831420247675,0.00484318808998753,0.00689146771330787,0.0101056649310144
0.0137351112908098,0.0178069654527691,0.0090679120586856,0.00627254478188968,0.00482653828359529,0.00992111263899523,0.00567689900303885,0.00884936594832223
0.000650565182001736,0.0139409673062575,0.0034308399904992,0.00554435071658013,0.00163512821437579,0.00805558311418958,0.00481485954552849,0.0177387626367583
0.00542169427409072,0.00651433596134645,0.00604946209537392,0.00824249597060947,-0.000366691057448358,0.00526099544910371,0.00257650192200173,0.00448714955812981
0.0037667000377487,0.0061520665243062,0.00309614870696255,0.00692385693634697,0.0122654490059816,0.00549436218912926,0.0077226628850137,0.0178383723761195
0.00845422728720138,0.0101972164975631,0.00628236454283798,0.00250776634620388,0.00928282689987502,0.0110017621685058,0.00510838058436411,0.0165321539773594
0.00628446768243047,0.0107304470182234,0.00560357861717521,0.00339749728155814,0.00797151749362181,0.00826594430106516,0.0078314998796106,0.0147576651334989
0.00869790945470963,0.0106915190397275,0.00846264825001057,0.00356536206030974,0.00540948614191636,0.0102236167196365,0.00936750349461633,0.0166314788905087
0.00275995023801576,0.00845645291498869,0.010940302667063,0.00400999355605706,0.00745006659784741,0.00470808771628242,0.0147215500936953,0.0180439395413859
0.00732276510575765,0.0130025691403548,0.0007625661387984,0.0113411445283307,0.00239429459720869,0.00992691011896695,-0.00164011912211042,0.00513137654536693
-0.000464394777159633,0.00499550763812939,0.00130162077323626,0.0052612504623615,0.0111200058869984,0.0093167511044594,0.0113535443238749,0.00714715509743234
0.00239128931125526,0.00683777795685878,0.00104802837871422,0.00257323004385633,0.00290838684233231,0.00508306904914288,0.00395220795359835,0.010604842304058
0.000323344815278757,0.0127276772132784,0.00121664751528687,0.00236215101070536,0.00273593559045751,0.00402111849544683,0.0027748064793256,0.00449239226320641
0.00387896423961576,0.00151575205541272,0.00196939758536826,0.00414532337584487,0.0113657842289164,0.00983493033624801,0.00838239607644627,0.0172798017635081
0.0075254968738101,0.00397112311470713,0.00063771748578728,0.00790685537949854,0.0130123906427544,0.00625530885714985,0.0101027210965301,0.00491820309987664
0.0122014734093208,0.00609424206243877,-0.00180022510519477,0.00574309422072425,0.0110894267302626,0.00245075796779273,0.0106741658609919,0.0111558657279157
-0.00242445890444237,0.0130291009201165,0.0129680703886696,0.00376101573251735,0.00634515649615494,0.0112513798341155,0.00248386585527767,0.0101883897718381
0.0185409822766765,0.00736497921623293,-0.000606974076025401,0.00872918122697863,-0.000759941233046309,0.00408300004627923,0.00251475609207916,0.0122223529853585
-0.00258434342963582,0.0100288146545841,0.00529355779142311,0.00604848399129083,0.00860267661398345,0.00957812362977086,0.00806264075532905,0.0107982384850208
0.00213082301104076,0.00656525027111678,0.00031342053588591,0.00965481048601911,0.00530603785915259,0.00368776364896837,0.00500364925551857,0.0143271551467599
0.00346864073065435,0.0146076268389709,0.00970174031870786,0.00406468870687711,0.00454469412086387,0.00548585612545869,0.00466608539574054,0.00661064573851704
-0.00107985742299014,0.00749501122480801,8.77642552752581e-05,0.00963799529296621,0.00833418601662757,0.0090299961624307,0.0100395867820744,0.0108984856773673
0.0118723268926262,0.0134715938091789,0.00858413752922373,0.003878268650685,0.00453517665964454,0.00458592252592303,0.00166446243916563,0.0104026372185466
0.00151839711210025,0.0131354874092221,-9.6501048819639e-05,0.020582161987237,0.00615817897319475,0.0139041775686809,0.00701434875828661,0.0144350366925145
0.0056635696830639,0.0112436134627673,0.0112717403615925,3.55348869948095e-06,0.00521156264037372,0.00380994754533507,0.00352136791013899,0.0110682000653821
0.00450674485898424,0.0101016582786908,0.0125343134025491,-0.00225753824247998,-0.000764040934299547,0.00591705297682653,0.00538482100806627,0.0102341559570641
0.0059862121108793,0.00747428750183929,-0.00252932073543212,0.0215689361306072,0.0121013196157885,0.00743657631196876,0.00552929769830972,0.010903918323757
0.00640565805810383,0.0104543383733965,0.00422219652318046,0.00250744107551209,0.000166661205733248,0.0132862106014601,0.00355619955194133,0.0148578601101924
0.00060129821473682,0.0107578765768651,0.00574654423246848,0.00266108625548751,0.000612215585212656,0.0050500418669919,0.000630599488880696,0.0088077672830469
0.0113586812838606,0.0111931153122745,0.00291962848479596,0.00582113560653142,0.0102579539125578,0.0109949190161388,0.00946822502115685,0.0131725191882617
0.003978936867108,0.0083818224497048,0.00707018556440582,0.0107254597984339,0.00545042909422957,0.0104035716077399,0.00736067600414239,0.012262733930935
0.00418570693664627,0.00990434970567049,0.00612807289965498,0.0121407242933238,0.00415548255740074,0.0102329628743607,0.0059156276614551,0.0158947729197713
0.00187717511939363,0.0139830159745557,0.000451311535451129,0.00760955773040086,0.00776974849442913,0.0057571975173717,0.00376426853072169,0.00739332260449539
0.0035775150475609,0.00761858248238255,0.00642198849020547,0.00634846597764456,0.0031549880608309,0.0072401908306289,0.00374863930912738,0.0143078722589492
0.00449472370444562,0.00856359943845793,0.0083199649256396,0.00530050552970295,0.0144977563485515,0.0101150141962909,0.00986789165156966,0.00998168838812311
0.00486672260667177,0.00860200564900336,-0.000306870775207372,0.00579873991640358,-0.00214120661077861,0.00329693642079051,0.00130320045998088,0.00845322000642608
0.00410781298961231,0.010639554224808,-0.000546480415842987,0.00592354834811668,-0.00149007293309657,0.00417578509754101,0.00120224854129401,0.0105252546968354
0.00299276334574961,0.0150411778560874,0.000693442421130711,0.0035521370334374,0.000598627402151536,0.00410467027596067,0.00492097131096335,0.0129835979257997
0.00882502348698386,0.00780100762718842,-0.00316164821077096,0.00414132026781152,0.0114607289917133,0.00481338657697265,0.00622520694078862,0.0064219059755479
0.000182891237309441,0.011983704073551,0.00963663276981412,0.00918461124669768,0.00981388144633546,0.00200280815294303,0.00998655302614421,0.0108613983576065
0.00233768463476906,0.00900869505092657,0.000504984880479013,0.00215804972973498,0.00937641731482004,0.00260883638904803,0.00673061359663432,0.00817217267789676
0.0148788058728233,0.00894680186820319,0.0051096566692352,0.00453158193060506,-0.00141469077345271,0.00463579282593505,0.00345177064990315,0.00731108909220077
0.00740516806878277,0.00849690366366735,0.011214332957171,0.00419265210214589,0.002600262189541,0.00550823954038876,0.00677912040426184,0.00882734622523239
0.00489506851344545,0.00680912308486323,0.00889275877906222,0.00189283075458075,0.00961380380467685,0.00293016578126811,0.00596144088774508,0.00861137977023893
0.00115705487657236,0.00587966675247918,0.00636440019180304,0.000695646895328457,0.00412254085022962,0.00638786122542961,0.00205649247752908,0.0138112401035801
0.00280325765685357,0.00648859944959087,0.00153389172486088,0.00337632705843641,0.000989871691479353,0.00681412233075443,0.00181237455712095,0.0101653099198253
0.011348056952051,0.0153594288601899,0.0125875286755756,0.00421143627047758,-0.000458650719233252,0.00472150985063582,0.00269533438089887,0.0118817823487082
0.00573127330831189,0.00807747735233835,0.000377287085841659,0.010940516245962,-0.000450591422662433,-0.000269282345528087,0.00374059064042637,0.00835095758575189
0.00015575491053688,0.00312502927859435,-0.000571667623596098,0.00565555672918227,0.0081979052928026,0.0151280020951697,0.00786558921700334,0.0123783328337682
0.00598285057231315,0.00944373331371486,-0.000180987104115807,0.00825314602199256,0.00371336689913561,0.00247957535740352,0.00619332851669445,0.0138820079149202
0.00216558029788858,0.00849070412620224,0.010373661982319,0.00419997401689206,0.00773862852882137,0.00842812232079765,0.00409767413107711,0.00615465041170975
0.00643201907571849,0.01103201549412,0.000914492550419638,0.010442591929988,0.00237751947390036,0.00751098463587182,0.00746076276291577,0.0145990356689518
0.00378578413236854,0.00955515344124426,0.0100201495603992,0.00292069644466413,0.00250798788475557,-0.0013728859353779,0.00280935428399683,0.00559444691431052
0.00608968334942347,0.0192654909957148,0.0073659908420858,0.0117594557234516,0.00251130523593967,-0.00031001028510958,0.00296460490047268,0.0103221280475617
0.00169727131235919,0.00484923689682485,0.00382447526197766,0.00574658408632811,0.00897092915246599,0.00567508116376678,0.00673943751638168,0.0129987728655799
0.00340610590338664,0.0147350332143783,0.00515298466544682,0.00764734945691245,0.00274796078266176,0.00734816199586999,0.00128145955151322,0.00729066701907807
0.00757362693757875,0.00756767215098161,-0.00156726883645951,0.00664051331566257,0.00799918840638492,0.0064164963452949,0.00907596362516379,0.0142536962249944
0.0088123619719964,0.0117897306301527,0.000381772463833344,0.00882150837714778,0.00731069410055086,0.00764660118404609,0.00361037863336835,0.013108316886829
0.00791122062691077,0.0152246354642963,-0.000147867054956886,0.0103849093235502,0.00328301419942703,0.00772184115799029,0.0045694367442393,0.0139693527295696
0.00211923250375164,0.00486720130812513,0.00355986270249228,0.00143318048400051,0.00500932320842357,0.00383258840037475,0.00778834961499109,0.00463864172075668
0.00772396960392702,0.0184865352018774,0.00863664003949602,-8.64747242895888e-05,0.0004461696583882,0.00870572958357577,0.00553294942696442,0.00658054812937449
0.00380220596075794,0.00462584523926264,0.00132743661266016,0.0153569952320142,0.0143278526535973,0.00599430323787452,0.00778394145367488,0.0140113819450068
0.0049787287813966,0.00717332754339368,0.00408405463781905,0.0112507331253833,0.00199378012262707,0.00525718114197197,0.0039208768210745,0.012304504781999
0.0101529388592344,0.00692548509969575,0.00607129849313691,0.00887433782533306,0.00517864831843772,0.00158745550390813,0.000761910045885559,0.0102756750613805
0.00464852804959634,0.00527279595076584,0.00432266671257957,0.00784701339723243,0.00735204349073748,0.000463280646546779,-0.000891764762608233,0.0152816027408638
0.00570036024813314,0.0119637178882613,0.00476866443709199,0.00471370511261575,0.00552372687592783,0.0122511482390956,0.00609683721807166,0.0125827379507898
0.00769858622740786,0.0101823320256001,0.00531808190238285,0.00531369447180248,0.00340080294055716,0.010077456589671,0.00294640011168842,0.0140680432589479
0.00436709064390242,0.0134651712649935,0.00486023153443683,0.01025798089153,0.00740474893656897,0.00537420929478232,0.00872806586214622,0.0070957653536754
0.00388655300643249,0.00773348944436242,0.00319390065409034,0.00377846646372102,0.00215709559105818,0.00719027297363506,0.00207028055756654,0.0145530456125605
0.0057609979311323,0.0143813764005513,-0.000808681086127034,0.00783982533199607,0.0107949665825196,0.00635236876322073,0.00428539721705919,0.0137571914883058
0.00478294548458091,0.00592914142737535,0.00980655543349466,0.00500197351757261,0.00144348994873343,0.00417200188567064,0.00669444993222554,0.0073104724296414
0.00231764466859911,0.0177852276439893,0.00184288584147148,0.00879291469147418,0.0100579768410259,0.00449052663996253,0.00331602949823772,0.00740240334276111
0.00197763565485006,0.00777336362658179,0.00595868530846387,0.00957170448400054,0.0027559814191025,0.00287096601227891,0.00574875053287869,0.00769129994354209
0.00969740487617845,0.0080449737629145,0.00594858108980867,0.00702471729862411,0.0043192280925589,0.00544892631275402,-0.000293038835942938,0.0102084677497133
0.00156688594080916,0.0131461272460177,0.00178155251768907,0.00626552897586322,0.00568217833041321,0.00804291436641362,0.0138392958411892,0.00974028753197825
0.00886179968906323,0.0116407334904967,0.00802615190929456,0.00284253268279899,0.00425674851465221,0.00584098275875659,-0.00165837690736461,0.0120256022882888
0.00266573200257256,0.00819004270220627,0.00225807678984349,0.0117495568709399,0.00371158266946927,0.00673440218746601,-0.00296553640315531,0.00513335667952015
0.00447473933282496,0.0100291009425135,0.00308444057516119,0.0113960165817455,0.00443819045999459,0.00790928921856796,-0.00283214085688909,0.00644148263365465
0.00393037228555392,0.0111880953066516,-0.00144472272553143,0.00453104364337775,0.00446792101924502,0.0049067431244877,0.0183938912097752,0.0104431718130484
0.0102519273906129,0.00956150754261303,0.00472818685984656,0.00421105124582972,0.00210605326662439,0.0133011053939582,-0.00341937921529976,0.0105820294384748
0.00925863540572903,0.0152870364237105,0.00382948472654257,0.00739187114211675,0.00376804479643011,0.00587758964505186,-0.00243846491770254,0.00446454472898554
0.0088189624774075,0.0152047545002,0.0035423030079959,0.0123534743089978,0.00445448502141089,0.00417811190484146,-0.000545126659044392,0.0147547681660656
0.00718053876807435,0.0113773183988989,0.00221167160645349,0.0100150847584782,0.00322288513173844,0.00278940057165477,0.00476356692824872,0.015036339901434
0.00540148623341041,0.00955145659902106,0.0107299423284044,0.00912340421481482,0.00143678939869922,-0.0012586125063847,0.00700886100186252,0.00759077388185612
0.00376831049976426,0.0136625096580257,0.00351112596490811,0.00567662631366131,0.00863154318367475,0.0067755990971189,0.00599909122623909,0.00807786962041855
0.00116486904363092,0.00740775370062495,0.00379154119504807,0.00202504473288639,0.00508368872303586,0.0118244408948317,0.0044342964094635,0.0111453318205424
0.010753516517314,0.00525616335158013,0.00741794992405743,0.00362884601055261,0.00587858001053414,0.000678668342395847,0.00583166429001607,0.0118180650363467
0.000472445647341657,0.0105018320367207,0.00138156279214534,0.0030578935197223,0.00282683961306779,0.0142469752772798,0.00408527379523454,0.00827418263374617
0.012777982369939,0.00997677607127128,0.00528457906443832,0.00466824637724374,0.00976469843631782,0.00469860005405416,0.00410142726022117,0.00852109100725923
0.00870268414912246,0.00711385316331667,0.00389591763414114,0.00547099718321205,0.00866654035605409,0.00476866783264138,0.0042103044838169,0.0105340553095488
0.00427836490878936,0.00502709875683865,0.00157079434383499,0.00519678665221811,-0.000610334214793987,0.00685284725663698,0.00104959065449553,0.00706768650360086
0.00392056345166926,0.0086264200742635,0.0019180496694805,0.00797313102092149,-0.00196398931081152,0.00324391375896,0.000100603770217573,0.00959004678955649
0.00574483199315215,0.00967858080244659,0.00106903663458115,0.00701067024316989,0.0144333301766759,0.0099611250381857,0.011667057902682,0.0131513031014505
0.00441452454665471,0.00579749739243842,0.00101730053817783,0.00799639315677037,9.32124890978747e-05,0.00732389470429213,-0.000204092591228566,0.00831361672657186
0.00421925823720419,0.0101691476911097,0.00948605345709208,0.00536114811637577,-0.00127028195616693,0.00755211495952578,0.0051474294087656,0.0133775672494367
0.000486234012305768,0.0128446520653887,0.00267193259150427,0.00433118802481238,0.0102641233061574,0.0121098100121473,0.00339792377199927,0.00629678607482665
0.00979529322089216,0.00807577544071174,0.00389217999331373,0.0086400211672053,0.00208020682707433,0.00207672325346591,0.00769624666050805,0.0109594629927478
0.00112757664826038,0.012956331132391,0.003583770530435,0.00488295516355983,0.00276542687982433,0.00711979926162553,0.000544779275119042,0.00987624032442588
0.00799513820923033,0.00744549980658484,0.00276297451770312,0.0060295819682984,-0.000628811478280193,0.00857958406875725,0.00612297656799965,0.00759946671404717
0.00412667070292661,0.00901713685681753,0.00616297320838321,0.00237384261086422,0.00731767144503275,0.0021377603030841,0.00648039170081789,0.00494669640353394
-0.000822200448527156,0.0107863263218251,0.00517371021194335,0.00428368600807782,0.0046722671732082,0.00979362982698419,0.000761129728782143,0.0095999072823786
0.012984801094742,0.00772119977972556,0.00361189583657234,0.0098459738456798,0.00690170717263389,0.00402660100047656,0.00885954827367805,0.00845052699874211
-0.000700628361865018,0.0132693111202051,0.00521455815662528,0.00375035435878667,0.000545088148847719,0.00934844025557645,0.00142434839375525,0.0109195833191611
-0.00255753334705097,0.0122967206699767,-0.00263547744113255,0.00396954983057441,0.012486902682209,0.00692129303285793,0.00582333278719286,0.00625101934122234
0.00562912836299673,0.0148750382416771,-0.000319598791166963,0.00314497400526254,0.00728582073030804,0.00569472974795467,0.00104087335866345,0.0115480434482667
0.0059526367112668,0.00879551591541043,0.00692268262373679,0.00580461977691162,0.00722258956024279,0.0088542052027394,0.00366946130128971,0.00855487634484552
0.00352255946973323,0.0118742887502728,0.00239370077999149,0.00477040698584104,0.0035151109411608,0.0014461043848301,0.00564004721698025,0.012538092033623
0.00825286750445246,0.00981738911942997,0.00780699633525971,0.00858713854623779,0.00616292536677999,0.0132169971514966,0.0060554975391832,0.00808679896348818
0.00536615638143192,0.0109131560196768,0.0104738810067277,0.00566256615864724,0.00172125294960713,0.0147271570664622,0.00548452054306262,0.0131547874016441
0.00532839501940008,0.00943312826348058,0.00709883984761641,0.00700669829416339,0.00468120751882566,0.00594225700704145,0.00201035628659351,0.00632189475807628
0.00661968574301397,0.0111239929549395,0.00244660991764075,0.00752753494357643,0.00611191093309873,0.00555955535622068,0.00688796162317718,0.0155009829337133
0.00333028003534651,0.0095139614265802,0.00523996889704873,0.00598781039176143,0.00523048532518269,0.00780623195017096,0.00355492833893035,0.00450519401901031
0.00184707215095956,0.0125961099215436,0.00653336460688955,0.00817511025793564,0.00836273981646296,0.014730073900072,0.00923289245707259,0.00553150575375957
0.00688689333357445,0.00721761999644637,0.00155654213224045,0.00956796359343004,0.000637957548285605,0.00612661149746202,0.00985334258162485,0.00980373433611863
-0.000107166676992852,0.0146199715813822,0.00678596868149818,0.00744256411376962,0.0108530061652676,0.00269008721540022,0.00230078803345946,0.00684406613353011
0.0128867609591851,0.00855648414491147,0.00296417232864276,0.00695266234707539,0.00110436340178538,0.000827208097312305,0.00473482303358735,0.0115604036652408
-0.000340718286193946,0.00692140215911799,0.000969398406768691,0.00685832804848207,0.00569498159823929,0.0173569242539926,0.0116136346076722,0.00892681430377383
0.0114342128366317,0.00556095519809788,0.00446080555563575,0.00645579965288466,0.00479381851600656,5.31622480965154e-05,0.000778434631251533,0.014272100205563
0.0102012802201947,0.00505892195035955,0.00327884517343326,0.0136030153622769,0.00256724622420364,0.0084199770970578,0.00115582886464509,0.0112153786739667
0.00144514323439279,0.00458720644508626,0.00877214972107845,-0.000318927886106751,0.00256091774922069,0.00740430601834484,0.0135543776976437,0.00985437722894725
0.0103626966477267,0.0132380561600258,-0.000514850653321521,0.0161551006447525,0.00888652986152953,0.00606768501416488,-0.000266956847781147,0.0105685549237687
0.00834099225446558,0.014039797629309,-0.00011173066353427,0.0134663700735893,0.00648089044962657,0.0067933863580474,-0.000349492856378391,0.00932248843098468
0.00431446630816088,0.00940271603658715,0.00283937534299353,0.00119435817936756,-0.00114271909420825,0.00864450400269385,0.0139298137409901,0.00998011007696278
0.00400611738690994,0.0113385873150886,0.00652072581870954,0.00886313005690275,0.013212417944876,0.00539840029390086,-0.00232202501016421,0.011761653563747
0.000200695743852501,0.00959279562021298,0.00345504656300898,0.0083284035290242,0.00237780413975491,0.00937006380984656,-0.000643546275755683,0.0100072909181235
0.00984846855114235,0.00681927062662025,0.000298877183476425,0.00677760937912222,0.00644857017729139,0.00414316258211773,0.0110453947400311,0.0041049591554507
0.000905165020985262,0.0152359926603847,0.0100625798207363,0.00588964447493418,0.00426450302627054,0.0101425120955904,-0.000500598694042446,0.0206244117215726
0.011874744702581,0.0068034459735277,-0.000218714634638947,0.00948799217683225,0.00501418504815706,0.00566264555780646,0.0120672452576956,0.00478645680637804
0.00101018500707491,0.00644068736383977,0.00985948949839725,0.00652647340995387,0.00397777438136896,0.00128556454805723,0.0097979385925934,0.00621514420872311
0.00257551856201469,0.00822737243094364,0.00732127802324564,0.00472915567636706,0.00873024945143793,0.00844687488041851,0.00421701441650866,0.00690260033476649
0.00573249301218112,0.0157598583390974,-0.000246645260193223,0.0129805063540604,0.000384300528739966,0.00700188348082812,0.00694336299708682,0.0111081017606857
0.00694097975455417,0.00891837269785347,0.00359596676273078,0.00891217044699976,-0.000254363016154852,0.0109260136070592,0.00253886897886445,0.013723598999074
0.00449150684185488,0.00732824372288341,0.0132837786208202,0.0114348086197687,0.00987884560372225,0.00420896963469695,0.00359830443552887,0.017745075857405
0.00584652737880744,0.00706426515214866,0.0026029108171089,0.00506493662345233,0.00146494900469237,0.0118221900175899,0.00497974208552313,0.0133617978035626
0.00525095835088566,0.00643551444235595,-0.00153501524096343,0.00513725812753761,0.00857780735946147,0.00403844350261746,0.00626998880287661,0.00755357615212315
0.00676194787372489,0.0124308964437818,-0.00175988858421613,0.00449338957949732,0.00273101034963848,0.000307403866913774,0.00622724161575634,0.00642852802542281
0.00205369460505409,0.00942853724875071,0.00923464635669033,0.00708660198323252,0.00857793831713017,0.0126149323712827,0.000447193333677322,0.0146295272000442
0.0142621174907927,0.0116336393180182,0.00798145839202173,0.00562303168729741,0.00481047813101679,0.0136938085379298,0.00605018760408419,0.00966438303647672
0.00503003754341803,0.0125653478446322,0.00832945908658039,0.00523602440996995,0.00471228255729967,0.0010135057636532,0.0059736465506321,0.0144007943744712
0.00756690165929213,0.0107922661812688,0.00123469635519349,0.00922941156087862,0.00837873238797919,0.0133210606872843,0.00278678706637568,0.00785312545727066
0.00298021574578279,0.0166461438544566,0.00778790559088865,0.00792809363542678,0.00897255790297519,0.00514571281382038,0.0014717389123742,0.00845053860769579
0.00455876451757404,0.0157203579027106,0.00733395906022391,0.0085619738816253,0.00839587377300644,0.00461692712666582,0.0042656653420083,0.00829451653929182
0.00304981297577705,0.00458538357400554,-0.000640592200893826,0.00505209572119146,0.00581697625461829,0.00702498770412253,-0.000862529477436482,0.0125562400839382
0.00361063975762498,0.00921177683549819,0.000971078836043114,0.00703300430848435,0.0124008762520972,0.00859836258327236,0.00314324913128825,0.0141313698730047
0.00803666687525103,0.0108739590912524,0.00788609877509785,0.00426426912935891,0.00835969127212876,0.00623805692312278,0.000389656207954915,0.00755848849724012
0.00589766225680824,0.0170527646382571,0.0114536336174081,0.00503157186191433,0.000983680830532371,0.00475791848757562,-0.00219372801163344,0.00767448233862477
0.000737243821997913,0.00847980846570113,0.00978252458587266,0.00660052363261806,0.000448586233039898,0.00444038992898366,-0.00108193702724246,0.00581288383962513
0.0105218117434926,0.0117424436610498,-0.000568930446744809,0.00735684096350906,0.0123432715569342,-0.00218957758063173,0.00544609676989883,0.015614829348916
0.00277115589179491,0.00938450845339928,0.018495654223653,0.0083157848158004,0.000430768049319767,-0.000226100224725666,0.00539787837111921,0.0103846904460489
0.00720308256551056,0.0121758348302845,-0.00350697285918589,0.00496062363367895,0.00993079544170526,0.0159935297560995,0.00518536080555159,0.0119061435598259
0.00623441764193496,0.0122918351231714,-0.0043987238137147,0.0146930583059441,0.00345577539593907,0.00937487514259835,0.00633721047144137,0.00881502361274764
0.00700620241558482,0.0103658109095066,-0.00116819099293592,0.00924240015787466,0.00231302867950835,0.00327638004073747,0.00258912496980449,0.0119268215490289
0.00619564128973263,0.00602182311420575,0.00852855388277344,0.00919527217921462,0.00795422945298709,0.0039657694981185,0.0046791915040783,0.00756300234948603
0.00692019251518764,0.00822499572548761,0.00900107643171086,0.00669838184412947,0.0110174750939774,0.00540632248971734,0.00315676918091736,0.00614690357418679
0.00354715456265573,0.00892807654536405,0.00196651638227647,0.000905402869568707,0.000896771414003643,0.00881263620541372,0.00452410703404616,0.0159160510539264
0.00774398125034946,0.00785521294946349,0.00602513255080406,0.0058429126122727,0.00118129338251089,0.00703348198566537,0.00332020295283606,0.00934145697850225
0.00461691211176784,0.00850484200040644,0.0107364656180546,0.00534516646569822,0.0052014612455634,0.00617425397357474,0.00662137157041379,0.0203263229740582
0.00192112461467607,0.0115972377367402,0.00180220893691272,0.010715791160432,0.00454079743351032,0.00849276555682293,0.0117388164374685,0.00459538594019097
0.0070031504687742,0.0115610308231774,-0.00236866349306094,0.0086563212641216,0.00556994727162411,0.00892861574971487,0.00664257650156169,0.00823285050421712
0.00706388011453454,0.0108123008039002,-0.00126624271419273,0.00324439639081241,0.00158261281813152,0.004264536984338,0.00655379994196624,0.00401862769254672
0.00515114523803889,0.00483964942768328,0.00659922489469427,0.00888962168840222,0.0104463808901877,0.00735256481780296,0.00257104894511679,0.0188832218552344
0.00604043731579487,0.00492120968671178,0.00516098850568676,0.00742356795675283,0.0102894627555131,0.00914153911441441,0.00310754914135743,0.0158118707953312
0.00397145636843871,0.0041646741612323,0.00362217910381857,0.00968766870153305,0.00602833272364343,0.00689778545657663,0.00521247708067567,0.0155861244870891
0.00605887795201596,0.0151420895565233,0.00539938364674945,0.004359253778824,0.00283640712659632,0.00572091231278228,0.0050776199238913,0.00514149244917153
0.00682654830456639,0.0112770475679921,0.00358445122147413,0.00429103906350253,0.00582455803958085,0.0131867517302996,0.00527723504143778,0.0102049865370219
0.00761467076445105,0.0102512086766663,0.0110213260697398,0.00835699591926742,0.00401260166675481,0.00510727539227854,0.00590224468247275,0.0104504475477869
0.00381173931052811,0.0116194544493222,0.00348424649333601,0.0115369122651369,0.00692910182670378,0.00192656357393114,-0.00177502906172201,0.00836593782094125
0.00647572137013335,0.00984495012010702,0.0043268364881723,0.00251939458101637,0.00806413338684712,0.00412637760514812,-0.00277185398895233,0.00742343503709151
0.0105732804761857,0.00480219685113241,-2.22406803394096e-05,0.00421951700920967,0.00682747705286521,0.007088628010393,0.00339942114203945,0.00909519675291556
-0.0011575727990379,0.0155247308843665,0.000863617476080015,0.00357281883260188,0.00404228084628391,0.00586683768536689,0.00606234966413833,0.0131263280608406
0.00291082486998413,0.00647592353153545,0.00729161325078525,0.00151275568854507,0.00621887213974003,0.00705678070470059,0.00663942047155011,0.0123879468128142
0.0180400333703422,0.00914145662014549,0.00595023714780158,0.00554092519325479,-0.00266306825997228,0.00755957575248574,0.00261443799411251,0.0187486379857694
-0.000923018398799048,0.00633662195123276,0.0011863700154799,0.0127687639136055,0.00811866020631216,0.000205105449370516,0.00944981875602005,0.00592481928547094
0.00533130369551016,0.00506211164387395,0.00853905433305036,0.0094782737121703,0.00234365214705352,0.00211443892601117,-0.00385641643523654,0.0053507690875927
0.0134858581547427,0.0101166138895968,0.00550140332009429,0.00735431493832945,0.00296887300101916,-0.000458839109174452,-0.00350807637593981,0.00916293206097822
0.0019978750002621,0.0097797112375945,0.00217691508301876,0.00442585638996689,0.00943877354532174,0.0043527575816842,0.00144705048231318,0.011390175134061
-0.000430833716453595,0.00927105484575469,0.0125053087584612,0.00821656563752774,-0.000291594778704161,0.00183657551721931,0.00678601093990635,0.0128319716563144
0.00396857797272366,0.015750587970806,0.00526237490643139,0.00450930683453135,0.00725343779335546,0.00306051594933963,0.004843683613671,0.0156379350696151
0.00693242756923431,0.0057786537537781,0.00466350390692758,0.00917229251886155,0.0034630597105093,0.0113190023698466,0.000780342226904747,0.00685117598359277
0.000424384950975249,0.0166647791945924,0.00583344872877294,0.00616492565873899,0.00410468492437488,0.00556789766414599,0.0071846674389645,0.0170869631474762
0.0125142380340923,0.00684375371742132,0.00851063638960952,0.00932339165567624,0.00264252501890793,0.00475741784801845,0.00092795768485169,0.00901364295171597
0.00260918993282777,0.00812185396722064,0.00303050650971695,0.00732415295452288,0.00220904431217362,0.0102312961480548,0.00252666005003715,0.00817408785304324
0.00980937336834771,0.0055073207263672,0.00354174623649423,0.00632276884045308,0.00232538103096454,0.00763679739792523,0.00660355676494244,0.00431558751305451
0.00125406709830107,0.00379514216580475,0.00540242961276906,0.00544881347134828,0.00458928105195391,0.00440492646771156,0.00154238658848937,0.00832116918377231
0.0117989298816732,0.00618308604776977,0.007187045344756,0.0168370749590309,0.00685468781319858,0.012639726672654,0.0094051862843186,0.00365601637433193
0.00642407123209872,0.00684137285888679,0.00353713445531167,0.00962335545938328,0.00205349461891092,0.00888905819785738,0.00670805234572921,0.00360043178241972
0.0075303127259508,0.0115584779222806,0.00804706150707821,0.00436848130573986,0.00379804736213027,0.00111519451048611,-0.000234493429353883,0.00649121201842071
0.00277833462473891,0.0012127430663123,-0.00204699312345775,0.00835487595891381,0.00233359500054459,0.0116197795458796,0.00718683151918466,0.0073209165546856
-0.00218297454851397,0.00971906069120709,0.00582696355125249,0.00354284569204573,0.00996159225053271,0.00612702271442837,0.00123571085544228,0.00872764350742502
-0.00200153737838394,0.00838111692110087,0.00608644747236703,0.00367700926757092,0.0102027049692027,0.004793404309515,-0.000133724580312997,0.00792730396299301
0.0144138496631621,0.0104814894042207,-0.000335160528090891,0.0108353150808652,6.55433049824971e-05,0.00736671674283454,0.00563633668232725,0.0142188404003933
-0.00233823893605072,0.00309706969194031,0.0101211860789697,0.00291611418251358,0.00638369091176319,0.00545482261365528,0.00556590954819705,0.00646052864390874
0.00254469243062467,0.0208215151670508,-0.00157474612717798,0.0109575453808254,0.0056991890662315,0.00595486460894507,0.00526479396865237,0.0142548669505664
0.0125215031818537,0.0149613115303725,-2.61259326083084e-05,0.00623152742200698,0.000147843529530145,0.00678040098580552,0.00932948593413873,0.00738064359471844
0.00608409070155824,0.0144909554198285,0.00691656614327732,0.00740431843766355,-0.000551329515523306,0.0105285761242309,0.00945307108490796,0.0115279783015344
0.00548312642069843,0.00753687290615216,0.002349507829738,0.00471408895884882,0.00214689770939699,0.00771456540597835,0.0130320058840504,0.0116248466840966
0.00383874856528231,0.0084493695526795,0.00702626878877297,0.00905980738470536,-8.70742578181795e-06,0.00457925146631785,-0.000624080464422833,0.00860643061640877
0.00333198537701458,0.00828620632534901,0.00887433408581596,0.00857696211553519,-0.000998845530672661,0.00341084350236874,-0.00251303253311336,0.0126400061043369
0.00586616611615148,0.00953221244805274,0.0093928388343491,0.00922098051281953,0.000811245626908545,0.00369362883773547,-0.00312443473643142,0.0133265791400876
-0.00201407795940931,0.00686300831620771,0.000988290713518287,0.00469963910846125,0.0075624764769693,0.00992070846199697,0.00597213011174852,0.00771221888281196
-0.00301556521517735,0.00958321919746216,0.00805132977326494,0.00199000905805932,0.00695940215885607,0.00930155569267118,0.00743902735367634,0.0110483845842919
0.0138191817372182,0.0108259217970419,0.00157764468527846,0.0129157711187695,0.00500319221028655,0.004330463556136,0.000903256055292155,0.00984159601877592
0.00232634579465497,0.00429211823198582,0.00560485805850898,0.00485829697371619,0.00802156340866569,-0.00236806646115098,0.00499876399342815,0.0111469885712491
0.0033210632377402,0.00497613677024436,0.00209611516869758,0.00501885733417894,0.00377138204814725,-0.000732483655751174,0.00853033736949676,0.00975911759385447
0.00267619275361108,0.0171067404954826,0.00590235232127897,0.007730245481767,0.00480138544656339,0.0101278740642387,0.00291517807736481,0.00992550014230989
0.00558173785913586,0.00524709934494355,0.00405985195494342,0.00588195157091894,0.00636041677820942,0.00206436904950834,0.0124530139659682,0.0112136838593266
0.00477053469330762,0.0112098818903295,0.0039448050858448,0.00907674042076856,0.00377151801618369,0.013071162161048,-0.000357062901755887,0.00611014247068987
0.00480402999433314,0.00742964218063322,0.00605528654708991,0.00690536265912693,0.00577528785241206,0.00559094835068695,0.00204838274151498,0.0123835192570143
0.0067455913774234,0.00789757370732765,0.00597134225299907,0.00477024869532045,0.00321388155951598,0.0112813111523852,0.00214651005037752,0.0143411815495479
0.00659196814932555,0.0107165665629625,0.00695257775911818,0.0116126695281494,0.00488639788347013,0.00186202443166238,0.0015350458920038,0.00953002755507823
0.00595975517545438,0.0159003420178357,0.0121399364221882,0.0108021007699772,0.00360234001310621,0.000963637859759839,0.00257036332027217,0.00765272289527757
-0.000978674489741316,0.00928340386653837,0.00406306126899888,0.013367281812698,0.0101306823685564,0.00348551008251826,0.00288091470407391,0.0123169357194397
0.00281706791336283,0.00679800936787125,0.0125467573106361,0.00480886252344402,0.00314750525266425,0.0121078520984848,0.00327606068899526,0.00905805507227225
0.00136196824670128,0.00763585329651396,0.00112103688684422,0.00384480175665254,0.00117261369030174,0.00716562505101292,0.00348704336365904,0.00584460993066283
0.00650716472436572,0.0156604442474569,0.0109314705307291,0.00480210681706411,0.0071115316764771,0.0108701250390189,0.00853489657695558,0.0069273221548585
0.00574429433626758,0.00652695562382487,0.00463821784940375,0.00088763688089926,0.00285358478237764,0.00592892140566427,7.63055651169546e-05,0.0171176062641801
0.00428787030847244,0.00854360171296091,0.00639172525344424,0.00621667668568509,0.00871778847786572,0.0104949186701178,0.0115444314797995,0.00863862541386643
0.00831501560906463,0.0145683043661065,0.00367160241640833,0.00803179674903588,0.00347824636390327,0.00722820281250538,0.00202236831297768,0.0131810636425006
0.00164331407672527,0.00525967399020658,0.00621365334485194,0.00517658808313956,0.00474793948949362,0.00322287118739619,0.00577952275788725,0.0072412105938742
0.00850866019987685,0.00927555174919321,0.00295497378835046,0.0084303269702677,0.00694916055080444,0.00886317728659589,0.00313612643372068,0.0116684163685562
0.00780160491783712,0.00985654801999148,0.00728634694491494,0.0147211683523721,0.00708330441662477,0.00640995554346788,0.00469411182542162,0.012494158802816
0.00583459313137428,0.00727009315927229,0.00752936147593268,0.00525255916929538,0.00876270943293929,0.00676256038558842,0.00421096310154356,0.0104359989786395
0.00410064900923797,0.00313691496949248,-0.00300665462368688,0.00758049786239693,0.00721231772318369,0.00761483766051136,0.00101986484808128,0.0108320390109645
0.00134166321746744,0.00571957922043457,0.00384165437656335,0.00806102548718574,0.00985134451390695,0.00790188218424091,-0.00063758709977341,0.00207791385573333
0.00347641167388658,0.0109746281515225,0.000618433653720704,0.00722786182909398,0.00592812453962959,0.0108145487822907,0.00458732503108947,0.00603147831232342
0.00370587031221174,0.00855462753877378,0.000414325969088499,0.00606940439615108,0.00467070052422942,0.00796013217428648,0.00419542147998146,0.00579276427091398
0.00582338825843784,0.00953669820724377,0.00626891292074814,0.0114888276951001,0.00540486932749451,0.00767391768781284,0.00707393469575138,0.0182299932694966
0.00448790444675574,0.0107918582127584,0.00324105116959269,0.00154906740756401,0.00555542839351154,0.00528717692588379,0.0041115737665321,0.00411595902986782
0.0142550593458873,0.0126223768208725,0.000283959552469112,0.002684968783673,0.0103344029864959,0.0054126598499777,0.00106690269856093,0.00493662504113545
0.00559531885565503,0.015961241471294,0.00533293930871245,0.00765887549206646,0.0059249158666874,0.0138843864730775,0.00177797893437985,0.0117754101410108
0.00582791936691998,0.0147685508714722,0.00617593571970883,0.00868947236861495,0.00413252846455121,0.0141026752196398,0.000796547346875899,0.0109115785477666
0.00486368317463874,0.00544383875432958,0.00512740606798283,0.00641006177155519,0.00582303940939547,0.00208287376796226,0.00446223824219076,0.0127431105686256
-0.000733098191153646,0.0120939033403304,0.00457921882025741,0.00443704630546486,0.00375950171712856,0.0129866302857612,0.00557843501767318,0.00950258749371534
0.0148673140499304,0.0099050163433536,0.00531624349778099,0.00892148166252994,0.00476053181355439,0.00341793060013215,0.0046263029655952,0.00768603620656273
0.000662457398491475,0.00887658372198684,0.00377380076876096,0.00717000373543986,2.94127763481042e-05,0.0084462422952113,0.00535865950283898,0.0164004209405471
0.00101905299123886,0.00730238147167088,0.00441378396428673,0.00898472791330201,0.00222423850415769,0.00845900583431307,0.00349069464631899,0.00711469915001789
0.00101327979965717,0.00977203803098235,0.00147633926603512,0.00262965873398291,0.00143322583265517,0.00521773042478497,0.00266751465217472,0.00994476704889711
0.00426783933828188,0.0105772456286845,0.0127217565740907,0.00821404735985382,0.00950290987494031,0.00855310395120461,-0.00202100412574948,0.00703435722491254
0.00681027287008349,0.0109112933201591,-0.00164317608993369,0.00539379558177337,0.00312519446805389,0.00400810320484319,0.000667457938308713,0.0132894091346503
0.00783874563252298,0.00855973917445432,0.00051303907746559,0.00718122140829062,0.00120914876236433,0.00718954383092314,-0.00334784918130297,0.00755389753890771
0.00498666822705268,0.00872281843143488,0.009045609459862,0.0073036644606352,0.0014795060963742,0.0110449189192332,-0.00210052536509551,0.0102264114412207
0.00863885280014133,0.0103496839088327,0.00821894262767285,0.0043731653309999,0.00527164388596251,0.0103037009959235,0.00518067648150749,0.005737169710086
0.00355645946487449,0.0109830721761278,0.000742103654568036,0.00622521195941461,0.00830268600126638,0.00398032514545,0.00246735180790621,0.0160381687602236
0.0033572582132658,0.0168261885559116,-0.00201215027729679,0.00430471723820377,0.0033977702442407,0.000204270744581547,0.00172710817766795,0.0126217929892825
0.00797165808477688,0.00836119584819855,0.00275841786504484,0.00491648415522865,0.00370296338414863,-0.000873050624375198,0.0101470634105646,0.0132152542774845
0.00870689889364839,0.0112634946720657,0.00331232960886944,0.00612544841357174,0.00737999595392495,0.00114944858258067,0.00468525099445165,0.0145838747052497
0.00870429478571121,0.0129429810939388,0.00237693064844333,0.00539914970927401,0.0034587949718383,0.0103455723757656,0.00257666747133629,0.0126087746409329
0.00166725305509576,0.0122383969061504,0.00492633002303735,0.00263748194745,0.00242839381306528,0.00897960375941895,0.0140802349928837,0.00964977621332319
-0.000635925917331287,0.00932855847682807,0.00470537895179186,0.011783283353647,0.00881004344303707,0.0053178025179456,-0.00298956596733167,0.0036825870821416
0.0132391582510881,0.0123904921344487,0.00445453699793898,0.00319732136243663,0.00224530595710488,0.00614966104096324,0.00601568519336162,0.0136658921717991
0.00353131678433471,0.00810636764781631,0.00635771358368696,0.00703865826239608,0.00206476901325346,0.00435477425993645,0.00696019089056156,0.00732268446619916
0.00817002230638179,0.0118951777335927,0.00996275358288685,0.00533513241623791,0.00266270438003745,0.00640487001474033,0.00891662817255814,0.00726095244169278
0.00258361940892625,0.00831905871662686,-0.00130728190761562,0.00452200510306109,0.00831385668591415,0.00821591154217319,0.00324651661981919,0.0145297874033765
0.00474380264931235,0.0147032580647243,0.0110044289795083,0.0095009987383984,0.0124523142156503,0.0055307640594688,0.0107584007518537,0.00482666919749905
0.00926042379717923,0.013060515110216,0.00887651780621763,0.0186952409870807,0.00440541770371935,0.00277667425167458,0.00355337198899799,0.00326316006447756
0.00661245497752786,0.00907218206752867,0.00605497338952734,0.0101587058420579,0.00512488840509848,0.00708263798092703,0.0109949390595284,0.00794486107086468
0.00411757449549521,0.00782693964328493,0.000654571919608524,0.00545763164680079,0.00401027540389429,0.00700962186520976,0.010360141272541,0.00551527381595367
0.00378029552912434,0.00804256334726587,0.00846003278414166,0.00547272509276427,0.00616469579300754,0.00677726255729205,0.00169538462411678,0.0025477118769872
0.00494024286853765,0.0093535937712148,0.0036641411999049,0.00519115301667434,0.00466886314642477,0.0100295729328898,0.00510622520551992,0.0023016501701485
0.00463639568448901,0.0123239359182479,0.00143847068758838,0.00799753236244159,-0.00157564791399955,0.00367761347195087,0.00246339719370929,0.0215121328390116
0.00646973589353755,0.010706349358804,0.00953645519248539,0.0063517564432865,0.0122049412586735,0.00537957166710172,0.0028457783310315,0.00408581790615268
0.00752377503299448,0.00931670200564417,0.00888663270200308,0.000464337077313946,0.0102288062065369,0.00784622705117437,0.00277462743738652,0.00752659916261822
0.0111757350687427,0.0075063496825525,0.00961366969547883,0.00277699543097154,0.00590058170167041,0.00950212959692298,0.00176033950098837,0.00873093313338933
0.00512197095535928,0.0160897354828555,0.00151691200978734,0.0029329267077948,0.00804031589936384,0.00810710960271573,0.00171007942690654,0.00741445876819984
0.00618078155066339,0.0151497920695221,0.00167346163601698,0.00172861605028491,0.00049627759018775,0.00571346586180196,0.00173676636052761,0.00754154458858461
0.00793260197560601,0.00692250639271252,0.00381416796844973,0.00124123264971596,0.012771584953086,0.00830331264119042,0.00418374620704855,0.00862281134200776
0.000869822540368988,0.00792806873736367,0.00544713800166076,0.00468284389574324,0.000176903650207679,0.00386991360203635,0.00257511699061361,0.0112419066982913
0.0078680858489742,0.0131856963638467,0.00355265999814272,0.00210795314526438,0.00760087018196001,0.00774559325351723,0.00779963041868564,0.00974870926876376
0.00582183056074217,0.0112688141534794,0.012570470907563,0.00753996832735489,0.00664886778903314,0.00531098110054183,0.00704843717954309,0.0102838823903182
0.00750837508508194,0.0109223937450061,0.0014927112705767,0.00469923634764343,0.00620791785674251,0.00699976921225864,0.00623774776757982,0.00804495020773085
0.00327189170449592,0.00753937746974238,0.00875650123230666,0.00758482695072045,0.00277484067257938,0.00713032403546305,0.00333455392091101,0.0146976360879829
0.00328675819334183,0.00733794744030315,0.00751649294419944,0.00802194413060971,0.00495032555276451,0.0104429687417971,0.00545007322558271,0.00902261916397467
0.00140718087689183,0.00973154844269056,0.00135428014026815,0.00322048628079043,0.0086926037913094,-0.000350363184022495,0.00698751033611344,0.0102170801918826
0.00178556219564466,0.0100847330649593,0.000208968614005458,0.00144164553779957,0.00227929793342712,0.00378390128313816,0.000764262067137767,0.0109368888863654
0.00308200973661862,0.00964905992608333,0.000205926198338461,0.000651656305516864,0.000755280515608566,0.00375927842863866,0.00055815484494049,0.0116468560611706
0.00859416050232453,0.00592342284881976,0.00884835331245747,0.00458705930892039,-0.00130689523359427,0.00795314315512267,0.00670590062811857,0.00727635974255845
-0.00302518251987724,0.0100706887521916,0.00112373048528791,0.00823615262584279,0.012875183346987,0.00614583142109982,0.00222590901835984,0.0147126293893398
0.010335432503693,0.0131760791604779,-0.000882491496909356,0.00772018636972831,-0.000806177503954792,0.00362680912532249,-0.00138959388034116,0.0112742979273642
0.00180702833181307,0.0114050660992684,0.0146550543691421,0.0124700403242771,0.00795617302285923,0.00296189061437621,0.0090505331438757,0.012542870570317
0.00560607806701154,0.0109195274904258,0.0072165931056876,0.00765042032853052,0.000964206338749058,0.0047555319896278,-0.00157186070649108,0.0104603767046545
0.00703166602776189,0.00690830923771754,0.00604101037708006,0.00550323566337834,0.00190610634732614,0.0032368876892414,-0.000421984427298698,0.0101725024541419
0.00331662186922785,0.0144863283990155,0.00137594216438354,0.00830391385407058,0.0101898577140593,0.00998814655046243,0.0115075644075787,0.0108719273288605
0.00411938237778027,0.0108647295918313,0.00848438353375869,0.0100345274559214,0.0102179075004354,0.00192951021763077,0.0100063377564349,0.00651091013416057
0.00817841189674993,0.0218086290447803,-0.00271995972815877,0.0101158449042567,0.00386280426226931,0.000732215553124732,0.003058752558659,0.0103429519385701
0.00622736854851386,0.00647626523763971,0.00566038188878285,0.0106658657387121,0.0023049936732591,0.00687585983069846,0.00973353547341975,0.0136478195498283
0.00788192241892211,0.00997065640299319,0.00103988600031609,0.00249992850347562,0.00544434570538299,0.00798156032103872,0.00664064983165352,0.00825608502390685
0.00474120242504914,0.0137942871649766,-0.00200232045914222,0.00179258009225484,0.00297721535815267,0.00865555676966575,0.00447267335633903,0.0106208131612926
0.00445465645404404,0.0119817390975862,-0.00146720571150266,0.00085611644889736,0.00559289276197699,0.00870365391328503,0.0059496169370348,0.0111203756291039
0.00431902040957132,0.00948021199030788,-0.000583466636009603,0.00915769974002611,0.00531998423533157,-0.00153419334591672,0.00506383858215871,0.00854723929210409
0.00569321808067548,0.0147499987179397,0.000846336066416941,0.00135813369986661,0.0069591363908416,-0.00196551050006389,-0.00113925136521442,0.010624706440561
0.00332080717787908,0.00596083793548432,-0.00245921366914463,0.00206389771974328,0.00460740742229088,-0.000625443038707054,0.000687707124259138,0.0171650393921319
0.00383845713721681,0.00384617230025952,-0.00340485327891259,0.0125154702636177,0.00595186846210586,0.0165263508349735,0.00483937106038783,0.00461107678549092
0.00335724288925007,0.00799982611796837,-0.000121398231638403,0.00129130460006791,0.0046358803814851,-2.56882361525292e-05,0.00621520458967637,0.01160285109748
0.00477244488304135,0.0109770583428818,0.00154137610170314,-0.000592014209861979,0.00412041760575423,0.00308221634412202,0.00284602888270604,0.0131672636322955
0.003783694916783,0.00853617695741645,0.00481884154898564,0.0166662310586228,0.00321550309918279,0.00826072499426897,0.00925365358119974,0.0075063098178785
0.00370701879271458,0.0124381584623797,0.00305896272990181,0.000858029744732194,0.00374849213158353,0.00480352165475854,0.00132582315673351,0.0146866125564066
0.0105889031311634,0.00423613347610465,0.0020032784762121,0.00276632471168095,0.00216256823968831,0.0124392687642919,0.0119984243973675,0.00803292341412961
0.00548136244697641,0.00720705015996094,0.00579579337969502,0.00371190232647854,0.00568054183697897,0.00524057935220593,0.00368330103141991,0.01298646345462
0.00518441020619805,0.0116792047223559,0.00773778248108008,0.00247607259219719,0.000222765269795429,0.00469545920397747,0.00510032822079329,0.0153098344188217
0.00464734870297063,0.00768104694010326,0.00260955521288379,0.00268855394213193,0.00216991733749091,0.00694252512742257,0.00807513538198535,0.00782130717114564
0.00696526387195405,0.011916929686806,0.0032673189338283,0.00998952279124852,0.009022827617998,0.00583585333200327,0.00631501753458036,0.0137495412257222
0.00367030787360356,0.0090584104790229,0.00245020855952231,0.0137404020540489,-0.000134399726913236,0.0130709600662998,0.00706797321613108,0.0148204032349656
0.00504340260202866,0.0105287974802038,0.00438274373737991,0.0060187892154645,0.0135587532722007,0.0056038343785423,0.00590810722344806,0.00705629739579537
0.000495125377488039,0.0115376612973895,0.000427201761388157,0.00623169161459836,0.00607972793426338,0.00673931803215811,0.00509470478672466,0.00694072492443175
0.00710172842358029,0.0101140587843127,0.000190366827769743,0.00733041953522647,0.00382600345925496,0.00679990430821638,0.00466467645965371,0.00882086148205253
0.00371039915501737,0.0130019700769149,0.000147227866239647,0.0049279601247652,0.00695232428560803,0.00846677568227513,0.00228447916320838,0.00888433673950398
0.0105026094009816,0.0122482447921703,0.00174444846202679,0.00270615667734528,0.00681252663071725,0.0157082711501901,0.00792525955907344,0.00947390567364107
0.00800231089540423,0.00996936994194306,0.00444928118245705,0.00571425159540547,0.00517343183515604,0.00927198486149309,0.00793018225706722,0.00664693955123922
0.00548481562386261,0.014713186054026,0.00566207016729487,0.00319770275101913,0.0069442106230323,0.00107732157055516,0.00469809496671686,0.00626056270698497
0.00882971889731356,0.00784293202588828,0.00939620913750812,0.000958899359004543,0.00588695869955818,0.00314058227631158,0.0112537455559077,0.0106079235183881
-0.00133312306397994,0.0126634529748493,-0.000186264225134143,0.0136359486930983,0.00453777969617373,0.0100229347900159,0.000649173211273751,0.0103712670537765
-0.00121322364974301,0.0119104816942151,0.00183949391344245,0.0111174106654306,0.00615845569780841,0.00526620330124276,0.000814335295674707,0.01167081603629
0.00370127155402908,0.00631258457936598,0.00831348454668431,0.00291604104338083,0.00587421612174764,0.00933172532604773,0.00508774234454675,0.00742836934053404
0.00600125999842189,0.0154989518035229,-0.0030158523954927,0.011163620210913,0.0112924348889009,0.00500340580709868,0.00919493783190237,0.0109757574769429
0.00542402317959194,0.00765521445687652,-0.00424484878535229,0.00509160316065493,-0.000833188502251536,0.00269906976580023,0.00218613527398813,0.0107679022961637
0.00515868327940335,0.0128977554268754,0.0139915557930505,0.00796196995829735,0.00741509965048058,0.00426642085622621,0.00393947580171054,0.0100758813812595
0.00120678221985297,0.0058501692566201,-0.00362104063213887,0.00523340634250059,0.0048025544405357,0.00944771520506843,0.00870271477265668,0.0108065965820184
0.00252339198867742,0.00996064807785373,0.00255445186284536,0.00817040531561358,0.00652940204002726,0.00642945473322229,0.00555004331711079,0.00504384504171061
0.00557127327976087,0.00704621135693741,0.00156055263666505,0.00986741567227347,0.00117169400777955,0.00737558125238044,0.00315992522986551,0.00746972561911048
0.00500176835647858,0.0122427266743159,0.00636345617729505,0.00555038685532205,0.00309730497888502,0.00510214848150906,0.00722524525048569,0.0151947927800186
0.00130145956088618,0.00963447474260013,0.00629070193668634,0.00711926938734467,0.0102038472517005,0.00899138683040124,0.00591765061461596,0.0134959378045691
0.0127052906132382,0.0120014600266058,0.00456159951712384,0.00443085765821423,0.00317445170862106,0.00413344527677936,0.00308306637097447,0.00764912792371446
0.000689697029126291,0.00947490832379657,0.000769436902420425,0.00563726259878151,0.00541859161635067,0.00453337655144279,0.0109196021443809,0.00604262611554216
0.00212438104504214,0.00944210383997119,-0.000588753764129657,0.00693462623943807,0.00639096798814167,0.00565115937664079,0.0112626214805701,0.00682829746699725
0.00759259525554588,0.0100099712757899,0.00156125086811084,0.00594566057094546,0.00684955118970346,0.00328821023003137,0.000291223228166571,0.0120174790428843
0.00975815996256569,0.00989214419054818,0.000655067131675027,0.0116096573076988,-0.00195914634295144,0.00505446603890469,0.00339601337573829,0.00496281862112791
0.00266086769627716,0.00257803878829354,0.00677069956825265,0.0061052831792384,-0.000372278146323055,0.00471543555664242,0.00120470149583292,0.0105386717700479
0.00335939535696813,0.00418504027906147,0.0101280313003763,0.00465954946576242,0.00739424263504834,0.0086309765350103,0.0118565141906024,0.0154583318986372
0.00881105278456383,0.0117885522132926,0.00111514976825137,0.00957672537502596,0.00414524198589315,0.00178584683015172,4.25974224981234e-05,0.00589436544025943
-4.25600757820504e-05,0.0116478400130433,-0.000124568588034074,0.00709841857069148,0.00189697231543461,0.0103682385124613,0.0107849432523386,0.00728842787910384
0.0024994367143556,0.0110662849267819,0.0007503386372092,0.00478568154149319,0.00275060384010629,0.00563983320848742,0.00954669599606664,0.00839402861219595
0.00584228977996603,0.0150879469552349,0.0052262318186036,0.00343454029365872,0.00806196645166964,0.00481151864428117,0.00532385968425966,0.0121950554489554
0.00380543918398522,0.00685554295902183,0.00386927016531521,0.00922747536015285,0.000942579216603939,0.00890762248071133,0.00264564707868184,0.00496842196936963
0.00846287741315543,0.0151412999551132,0.00576821949034118,0.00454938616359067,0.0124338245077531,0.00515529985994135,0.00754312754661216,0.00771804846583871
0.00467548094225171,0.0074043666619063,0.00571920374062159,0.00721454036888155,0.00137110426976243,0.0076428090619845,0.00280414048840569,0.0117343814300755
0.00415376907867321,0.00633909842018751,0.0082462786965195,0.00786399262287679,0.00493200697763415,0.00514077377479769,0.00344529509522793,0.0116195628738401
0.00721007864280115,0.014159151423387,0.00161093442117718,0.00902846370265687,0.00465028633487454,0.0105309684762812,0.00767228766301924,0.00870546855497957
0.0122230647000638,0.0138757632646841,2.07023031064974e-05,0.00883357611043864,0.0034737883218293,0.00386423367617379,0.00955163987082979,0.011490290961704
-3.4047560981099e-05,0.012037945767448,0.00307571411589931,0.00249989714606513,0.00271504641745462,0.00773454472560118,0.00337029521944394,0.00634785838976877
0.00263112356612519,0.0114237214672777,0.00127762065296481,0.00227546558343408,0.00290742295720977,0.00634248915461465,0.00394108913612858,0.0120240546421021
-0.000335943074712914,0.0130832558532374,0.00193396029341063,0.00407409806169833,0.000113113637194404,0.00900352643664246,0.00374872415633106,0.00929307845410903
0.00463110627484334,0.0058916220513273,-0.000589947703052936,0.00525433887636428,0.00449126579155711,0.00334312291272745,0.00500909516869308,0.0165864949837707
0.00150693591169166,0.0146113631314253,0.00494843947707369,0.00756216690239838,0.00670708989964129,0.0115753679252657,0.00671878401965779,0.00991740030854336
0.00774580159445738,0.0130991020162979,0.00613050234048927,0.0187806614194005,0.00779995428385015,0.0104562732895449,0.00613104209732829,0.00932404343458719
0.00147654888951505,0.00801572577794065,0.00340256051476875,-0.00125379013048001,0.00269047547774987,0.000843170221532314,-0.000246713972013404,0.0114580655231151
0.00945204388070438,0.0141648887349606,0.000657658487669058,-0.000112906044211907,0.00498106730399177,0.00736684188086587,0.0120727258698205,0.0102833768982371
0.00433744403675923,0.00883623132128695,0.00511874493605423,0.00714507605758513,0.00823857468801338,0.0103058429159298,0.00510639447570159,0.00989608836553658
0.00437406499106707,0.0117751945032025,-0.000394632044737625,0.00717964139113983,0.0021422728466077,0.00197149340824236,0.00527157515360528,0.00892453024078954
0.000926476968822168,0.0111392276749686,0.00826064540078993,0.00735495945657064,0.00356153559580256,0.0109437164414282,0.00145959613394517,0.00707479204032209
0.011154495577859,0.00532047113949808,0.000214113314954452,0.00725566021342063,0.00425056314070783,0.00216213190596377,-0.0014418366586137,0.0124113171876399
0.000476124078405181,0.0159450226635823,0.00984674912014978,0.00362422185887932,0.00621690905303776,0.0124126265933948,0.00794167370765771,0.00844772547731412
-0.00273106476978744,0.0118924332225881,0.0114527564855318,0.0073352000088252,0.00193800843558944,0.00801230225460299,0.00363249797013158,0.0128607518540382
0.000295265691539495,0.0135514817531216,0.0111380534378733,0.00987925230614688,0.00726062589047872,0.00768983467778302,0.00796371158633183,0.0108471871343117
0.00881622276616103,0.01071272182249,0.00123896457813117,0.0095076719522703,-0.00139016848754043,0.00562220471999094,0.0047650965481302,0.0112012608660399
0.00209486878075491,0.0122617851292618,0.00169560551358672,0.0150877785912079,0.000646287258519297,0.00509372166662472,0.0050517444729388,0.0132206967167938
0.00459268145069168,0.00949701864147759,0.00798865116198734,0.00418250635260168,0.00315959022379324,0.00308520840645181,0.00470668028822147,0.0112255971127733
0.00824586468542272,0.0136840474847634,0.000882854279188889,0.00518469670488245,0.00538774835122088,0.000848026703831857,0.00845960652643317,0.00677367729375164
0.00656175419253722,0.0169093538231903,0.00257028298117291,0.00647867762307478,0.0090955909368868,0.00155780335405783,0.00707671102217315,0.00563111454334212
0.00120285027530439,0.00540316258787924,0.00619001120846683,0.00650549678152463,0.00246489071293372,0.0130195562385361,0.00324548180926727,0.0160169913791263
0.00371783556310789,0.00732826251252729,0.00737884455134007,0.0085834652761507,0.000582888951465744,0.0155116347870968,0.00218919163610247,0.0123566872021213
0.00256839456247212,0.0135849827647491,0.00582929297070728,-0.000197000791085505,-6.70442362527687e-05,0.00312011389728207,0.00833243311457631,0.0104161978596386
0.00475020461602244,0.0111527058497749,0.00768119808619391,0.00328554938628938,0.00104994037397683,0.00250169931852515,0.0106682608241735,0.0183965819654038
0.00666557445759767,0.00770902941450157,0.00794173216771546,0.00376929569140822,0.000473870204886749,0.00210432406140712,0.00713026073334657,0.0142613280882422
0.0041384312412959,0.0134518084429785,0.0114641713316337,0.00213861283262437,0.000554593932835547,0.0025226347989345,0.00746251902073398,0.0124385676823529
