"county","mean_PF","min_PF","max_PF","mean_IE","min_IE","max_IE","mean_SPF","min_SPF","max_SPF","mean_SFS","min_SFS","max_SFS","mean_SF","min_SF","max_SF","mean_SS","min_SS","max_SS","mean_TF","min_TF","max_TF","mean_IF","min_IF","max_IF","area_uncert"
"Adams",3865.82908283822,3865.82908283822,3865.82908283822,3232.87846255286,3196.33416070487,3255.48882634807,3197.85766948886,3154.37783511969,3231.32719759377,3197.85766948886,3154.37783511969,3231.32719759377,2846.94811678525,2742.37616204224,2941.17453477373,2846.94811678525,2742.37616204224,2941.17453477373,767.48631017056,562.17911736394,1069.50894503796,767.48631017056,562.17911736394,1069.50894503796,1.08830320946147
"Alexander",4890.38726492038,4890.38726492038,4890.38726492038,4855.0674026044,4847.18768621637,4857.22954495406,4834.2519704417,4817.51507859426,4841.61179335869,4834.2519704417,4817.51507859426,4841.61179335869,2725.62437735634,2612.56129906208,2859.89598826236,2725.62437735634,2612.56129906208,2859.89598826236,1118.24185956268,816.137306271508,1465.22538161503,1118.24185956268,816.137306271508,1465.22538161503,1.38395643827357
"Bond",2934.05719636594,2934.05719636594,2934.05719636594,2626.42292841934,2592.75518786681,2647.43206301207,2611.78878732338,2572.42444125163,2635.03723150622,2611.78878732338,2572.42444125163,2635.03723150622,2520.32504523183,2463.33078241667,2566.97604091256,2520.32504523183,2463.33078241667,2566.97604091256,259.780151072621,74.8333295756129,522.392311177865,259.780151072621,74.8333295756129,522.392311177865,1.06108418449944
"Boone",1088.96074537756,1088.70419326598,1089.5227143603,1080.49249116368,1075.55977605976,1082.8684825355,1066.66392625898,1058.77827264353,1070.73761128925,1066.66392625898,1058.77827264353,1070.73761128925,595.51353601985,530.279464685277,659.351261349375,576.418053477026,507.328015771905,642.378642239155,156.919665522075,48.5627880371527,271.325083203744,156.919665522075,48.5627880371527,271.325083203744,1.6169533105934
"Brown",1054.82602514262,1054.82602514262,1054.82602514262,862.756403192261,839.606978756065,875.35452190144,852.380948573429,827.846007579809,867.055792367344,852.380948573429,827.846007579809,867.055792367344,839.468215777278,808.926445805104,856.963590853796,839.468215777278,808.926445805104,856.963590853796,302.602658136408,236.070817887126,402.013924838515,302.602658136408,236.070817887126,402.013924838515,0.89607128997697
"Bureau",3483.69915651368,3483.69915651368,3483.69915651368,3370.95249464331,3367.45926037446,3377.27606986973,3224.03399381224,3204.99920849178,3252.62414415295,3224.03399381224,3204.99920849178,3252.62414415295,1632.16381871768,1529.65499151592,1768.74626962046,1632.16381871768,1529.65499151592,1768.74626962046,264.482266797114,104.073640999758,500.273826664499,264.482266797114,104.073640999758,500.273826664499,1.97236138480619
"Calhoun",5657.67329597613,5657.67329597613,5657.67329597613,5450.40623563739,5428.93066915128,5460.52326858865,5365.66234378898,5336.23645606756,5385.56613497586,5365.66234378898,5336.23645606756,5385.56613497586,4400.32255175644,4254.39688918344,4511.91500696371,4400.32255175644,4254.39688918344,4511.91500696371,905.317462008758,661.668802486751,1089.03023855373,905.317462008758,661.668802486751,1089.03023855373,1.08000169943688
"Carroll",1116.30325996465,1116.30325996465,1116.30325996465,1045.55571120487,1041.36690543477,1048.87008459257,919.213989426046,905.083383547141,927.072887840247,919.213989426046,905.083383547141,927.072887840247,353.546739832045,296.022327632676,390.452861293974,353.546739832045,296.022327632676,390.452861293974,113.563065455205,34.0649201708999,179.770497668625,113.563065455205,34.0649201708999,179.770497668625,2.83623091811229
"Cass",3068.7980696887,3068.7980696887,3068.7980696887,2933.25169615746,2921.61327220431,2947.4422940671,2596.16782316277,2571.75648544466,2625.21388864709,2596.16782316277,2571.75648544466,2625.21388864709,1762.45095494879,1712.52138747958,1817.19894182685,1762.45095494879,1712.52138747958,1817.19894182685,643.865462810234,571.02536165914,739.470204999629,642.50316939116,569.663068240065,738.107911580554,1.37665952830332
"Champaign",1618.65698027004,1618.55900506835,1618.67657531038,1571.7707103074,1566.17165084016,1576.05346331514,1558.90032300326,1546.26778078197,1573.41529677552,1558.90032300326,1546.26778078197,1573.41529677552,1046.86787105856,1002.75666624875,1102.16800846422,1046.86787105856,1002.75666624875,1102.16800846422,221.430487936513,115.541591104399,380.06542675523,190.424228936775,83.8537375026331,352.121974370194,1.36429132158683
"Christian",2989.53052159578,2989.53052159578,2989.53052159578,2812.67940615648,2798.84202108453,2825.67125669284,2788.55447830502,2767.14273999251,2809.20647557123,2788.55447830502,2767.14273999251,2809.20647557123,2605.61861709125,2510.6826042598,2688.64685085803,2605.61861709125,2510.6826042598,2688.64685085803,267.444128822201,91.3991388665623,491.189710391305,267.444128822201,91.3991388665623,491.189710391305,1.04469870414587
"Clark",2214.94277148091,2214.94277148091,2214.94277148091,1900.3977071388,1885.07195965627,1909.80859921715,1885.95823916185,1868.50251855086,1899.26003955859,1885.95823916185,1868.50251855086,1899.26003955859,1838.00441052097,1814.48553037607,1857.21794127788,1838.00441052097,1814.48553037607,1857.21794127788,116.93559889482,43.7195516469336,266.068825910541,115.539500705913,40.2392701138087,266.068825910541,1.14221884276107
"Clay",5951.59303411567,5951.59303411567,5951.59303411567,5717.35057517872,5697.12966091051,5735.48007877686,5694.25222474971,5666.4764386879,5726.45355745585,5694.25222474971,5666.4764386879,5726.45355745585,5624.01527336727,5567.36692175974,5701.41467893937,5624.01527336727,5567.36692175974,5701.41467893937,256.676315941763,65.5126234960595,639.553662493142,256.676315941763,65.5126234960595,639.553662493142,1.012606908296
"Clinton",12055.3772038771,12055.3772038771,12055.3772038771,11880.9676124166,11857.9392886858,11899.8882076682,11732.5771756593,11681.0539263394,11790.9356409993,11732.5771756593,11681.0539263394,11790.9356409993,10841.9405601926,10629.4715962829,11128.0823739616,10841.9405601926,10629.4715962829,11128.0823739616,651.108376393258,236.534923850915,1244.34450997194,651.108376393258,236.534923850915,1244.34450997194,1.05186601643583
"Coles",1647.11667725951,1647.11667725951,1647.11667725951,1502.05043532543,1495.71013713656,1504.70904121609,1488.21851233996,1480.79133491753,1492.14587994017,1488.21851233996,1480.79133491753,1492.14587994017,1413.66009684496,1392.56183211633,1429.90614403186,1413.66009684496,1392.56183211633,1429.90614403186,67.0800148565771,21.6647291247366,129.988897331779,67.0800148565771,21.6647291247366,129.988897331779,1.11769205760939
"Cook",0,0,0,0,0,0,0,0,0,0,0,0,0,0,0,0,0,0,0,0,0,0,0,0,0
"Crawford",4194.27961007885,4193.74645665908,4194.45732788544,3962.9632486211,3944.88713122338,3971.43628342324,3937.16498194352,3910.93856785185,3958.75625331102,3937.16498194352,3910.93856785185,3958.75625331102,3864.97980963365,3814.51909434917,3915.63007039542,3864.97980963365,3814.51909434917,3915.63007039542,350.463296679295,180.888865446929,611.020868268852,350.463296679295,180.888865446929,611.020868268852,0.994524293197769
"Cumberland",1185.44877742251,1185.44877742251,1185.44877742251,994.341595507832,991.752193127265,996.171100817256,989.763887653047,986.677353534145,991.768111451448,989.763887653047,986.677353534145,991.768111451448,969.964299686126,964.043848489064,975.617056648329,969.964299686126,964.043848489064,975.617056648329,42.39160360895,13.7464370851976,100.240392142678,42.39160360895,13.7464370851976,100.240392142678,1.17845282984482
"De Witt",738.685525655314,738.685525655314,738.685525655314,646.472390655441,638.772413745782,652.998409847391,641.557125041013,633.210537436508,648.828777903418,641.557125041013,633.210537436508,648.828777903418,454.366267454468,434.1151249054,471.843488871152,454.366267454468,434.1151249054,471.843488871152,56.766719370164,20.1525677318769,100.672462847805,56.766719370164,20.1525677318769,100.672462847805,1.50081301172624
"DeKalb",0,0,0,0,0,0,0,0,0,0,0,0,0,0,0,0,0,0,0,0,0,0,0,0,0
"Douglas",1133.30942682258,1133.30942682258,1133.30942682258,1105.89125361913,1105.38427596789,1106.07447798394,1095.3267242195,1091.15523646997,1098.43590894344,1095.3267242195,1091.15523646997,1098.43590894344,1001.31942499824,969.649943236612,1022.05565582631,1001.31942499824,969.649943236612,1022.05565582631,84.0790647999488,24.4583553158932,144.896716486453,70.6203950666171,10.9996855825615,131.438046753121,1.06128874086092
"DuPage",0,0,0,0,0,0,0,0,0,0,0,0,0,0,0,0,0,0,0,0,0,0,0,0,0
"Edgar",1288.97528030888,1288.97528030888,1288.97528030888,1166.02597512413,1154.86090983567,1171.40580513035,1163.30790909423,1151.96653170921,1169.04036329356,1163.30790909423,1151.96653170921,1169.04036329356,1157.92937854896,1145.66910946688,1164.7033378789,1157.92937854896,1145.66910946688,1164.7033378789,55.0632334413737,14.0706989397595,133.700631897855,55.0632334413737,14.0706989397595,133.700631897855,1.06561943217449
"Edwards",1970.39685261708,1970.39685261708,1970.39685261708,1815.07456001176,1794.52179185359,1828.40178216278,1803.15264716886,1781.78074507201,1817.39757830236,1803.15264716886,1781.78074507201,1817.39757830236,1750.96320127866,1721.92771259791,1782.60900515435,1750.96320127866,1721.92771259791,1782.60900515435,114.209148652176,40.0074874036651,268.243957849732,114.209148652176,40.0074874036651,268.243957849732,1.06009521080135
"Effingham",1726.56683994255,1726.56683994255,1726.56683994255,1460.65565013289,1453.84057591045,1464.57016319355,1457.27582275833,1449.23629028537,1462.57481102591,1457.27582275833,1449.23629028537,1462.57481102591,1452.11567264318,1438.38614994074,1460.11501521487,1452.11567264318,1438.38614994074,1460.11501521487,61.9206083788527,31.3626723119869,111.565716193758,61.9206083788527,31.3626723119869,111.565716193758,1.14635924873234
"Fayette",6625.83434268504,6625.72526771294,6625.85615767946,6164.08799346713,6142.7836941101,6179.80624614671,5915.76921662905,5883.13190647967,5941.95956261566,5915.76921662905,5883.13190647967,5941.95956261566,5241.28474553546,5149.02462250648,5322.73704578765,5241.28474553546,5149.02462250648,5322.73704578765,840.014329951238,553.697406336232,1219.5065096882,840.014329951238,553.697406336232,1219.5065096882,1.10389347147418
"Ford",162.650197007779,162.650197007779,162.650197007779,135.964241297946,135.68208814413,136.058292349218,131.621707574013,129.332109686519,134.728304789637,131.621707574013,129.332109686519,134.728304789637,87.8498714878253,80.838619769046,95.4879252627866,87.8498714878253,80.838619769046,95.4879252627866,19.5087608872729,4.97883049237878,36.7534663337656,19.5087608872729,4.97883049237878,36.7534663337656,1.62938697230017
"Franklin",8853.59020645158,8853.59020645158,8853.59020645158,8473.53576068218,8421.45356957465,8510.76467505288,7975.71627025614,7787.50285317687,8143.18988516129,7975.71627025614,7787.50285317687,8143.18988516129,6170.97304442108,5765.91721830785,6654.1001740095,6170.97304442108,5765.91721830785,6654.1001740095,1182.8756659968,288.300306997286,2564.56379689305,1182.8756659968,288.300306997286,2564.56379689305,1.2430316070477
"Fulton",2799.45145284146,2799.45145284146,2799.45145284146,2365.84178966317,2314.74013824417,2406.71340216539,2309.50775129767,2241.2435708691,2370.18680363403,2309.50775129767,2241.2435708691,2370.18680363403,2059.76741191056,1940.76070417072,2161.49346806762,2059.76741191056,1940.76070417072,2161.49346806762,465.897884520542,207.415216845701,787.590037189102,465.897884520542,207.415216845701,787.590037189102,1.1329209088498
"Gallatin",5815.05330522067,5815.05330522067,5815.05330522067,5759.36266614302,5744.3734687433,5764.49879650097,5483.43248538262,5413.68487996726,5587.86091293296,5483.43248538262,5413.68487996726,5587.86091293296,4079.65343578443,3784.67932966709,4505.74684476716,4079.65343578443,3784.67932966709,4505.74684476716,1295.92609056589,512.191091510892,2314.28434355793,1295.92609056589,512.191091510892,2314.28434355793,1.10772331174397
"Greene",2776.28632740939,2776.28632740939,2776.28632740939,2396.59295042712,2375.70670217583,2415.48240864743,2375.97393436033,2351.5152430649,2400.38947677902,2375.97393436033,2351.5152430649,2400.38947677902,2113.29057821078,1990.46659450806,2267.85280700231,2113.29057821078,1990.46659450806,2267.85280700231,383.710221708736,183.768200579993,673.268651762816,383.710221708736,183.768200579993,673.268651762816,1.13215670876948
"Grundy",0,0,0,0,0,0,0,0,0,0,0,0,0,0,0,0,0,0,0,0,0,0,0,0,0
"Hamilton",2452.92451548599,2452.92451548599,2452.92451548599,2256.6939658973,2223.12273503703,2282.67836521429,2243.21615148645,2207.87746270754,2270.66848983066,2243.21615148645,2207.87746270754,2270.66848983066,2153.20468929996,2095.86259260768,2222.03633909226,2153.20468929996,2095.86259260768,2222.03633909226,431.971232517423,75.1701514405668,1154.9922721891,431.971232517423,75.1701514405668,1154.9922721891,0.938579268850472
"Hancock",3664.90501461131,3664.90501461131,3664.90501461131,3342.54441084008,3288.41091473418,3383.13407973334,3308.5136980528,3249.40882941811,3354.12490011561,3308.5136980528,3249.40882941811,3354.12490011561,3000.29198354391,2861.18498972349,3103.33007656336,3000.29198354391,2861.18498972349,3103.33007656336,545.543666060656,219.696345720038,971.43151200213,545.543666060656,219.696345720038,971.43151200213,1.03968592578983
"Hardin",861.094692231425,861.021250792673,861.197469367678,825.948310878555,821.869585577738,827.361094129139,798.664085164689,792.655810373644,800.704525734793,798.664085164689,792.655810373644,800.704525734793,727.702778110797,711.660865027848,734.523117497643,727.702778110797,711.660865027848,734.523117497643,127.743980543323,81.7315729016742,196.63690769123,127.743980543323,81.7315729016742,196.63690769123,1.00776131924626
"Henderson",3198.26469692619,3194.60560447396,3199.629706359,3064.12206546076,3047.99718738702,3078.20031973054,2889.71316627426,2840.96687994148,2936.12124773328,2889.71316627426,2840.96687994148,2936.12124773328,1775.27360768645,1663.30750774505,1923.28180298143,1775.27360768645,1663.30750774505,1923.28180298143,878.979556983088,713.158087050429,1112.36267763455,878.979556983088,713.158087050429,1112.36267763455,1.30643813432545
"Henry",1264.71523963826,1264.71523963826,1264.71523963826,1129.36536193462,1124.29538527472,1131.16197412159,1112.79386752281,1104.0727391155,1117.83166151072,1112.79386752281,1104.0727391155,1117.83166151072,925.528027912606,881.940683141494,967.354234584136,925.528027912606,881.940683141494,967.354234584136,303.475289688366,193.578607126836,411.603589280275,303.475289688366,193.578607126836,411.603589280275,1.03858545712315
"Iroquois",2646.26712894225,2645.23676847864,2647.53429039989,2634.75989587152,2633.28772002491,2636.97222581772,2607.8615289177,2601.29695039583,2615.62642132253,2607.8615289177,2601.29695039583,2615.62642132253,1086.42277599212,1025.88205248223,1164.00521933907,1086.42277599212,1025.88205248223,1164.00521933907,214.062895949727,100.104512037904,363.488262443809,214.062895949727,100.104512037904,363.488262443809,2.23872721259129
"Jackson",6626.9316505672,6626.9316505672,6626.9316505672,6229.36461125381,6204.2534809793,6248.53245411051,6032.93841526567,5983.8485385435,6088.62197318569,6032.93841526567,5983.8485385435,6088.62197318569,4943.64193737986,4805.4465068576,5121.96572194415,4943.64193737986,4805.4465068576,5121.96572194415,1260.2340586075,882.831221957045,1982.88025989861,1260.2340586075,882.831221957045,1982.88025989861,1.08557570712819
"Jasper",2414.16901293573,2414.16901293573,2414.16901293573,2188.41996232912,2184.25500865271,2190.67914617756,2173.75196498059,2167.46890028377,2179.99515165932,2173.75196498059,2167.46890028377,2179.99515165932,2097.77033613309,2071.5607864242,2125.98782391908,2097.77033613309,2071.5607864242,2125.98782391908,203.317594410749,38.515397294559,501.191716477733,203.317594410749,38.515397294559,501.191716477733,1.05390536821125
"Jefferson",7307.37484959935,7278.55551955317,7350.78494519014,6804.86776807878,6693.30562289913,6896.47931558173,6580.09028249771,6433.58520152037,6705.12349401508,6580.09028249771,6433.58520152037,6705.12349401508,5863.58415024757,5586.01867313643,6144.00611005287,5863.58415024757,5586.01867313643,6144.00611005287,910.610814669191,259.583182081582,2017.56017642184,910.610814669191,259.583182081582,2017.56017642184,1.09093071251652
"Jersey",1647.18517028044,1647.18517028044,1647.18517028044,1297.36047863126,1285.20156634008,1307.52620743598,1236.5150018459,1222.19592869229,1249.52803087564,1236.5150018459,1222.19592869229,1249.52803087564,827.56855090749,799.324471242611,852.076293752277,827.56855090749,799.324471242611,852.076293752277,127.743659476398,37.5939873763687,264.727655968037,127.743659476398,37.5939873763687,264.727655968037,1.8360309960279
"Jo Daviess",831.240268526401,830.382209922976,831.526288060877,769.708491187331,753.270418513101,788.87243766911,750.424173267569,723.943318194048,782.442207704021,750.424173267569,723.943318194048,782.442207704021,236.604135853311,166.490309525825,308.869719230378,236.604135853311,166.490309525825,308.869719230378,100.600636955123,18.0125962022268,188.530551595034,100.600636955123,18.0125962022268,188.530551595034,3.08802561263873
"Johnson",2506.88136460832,2506.88136460832,2506.88136460832,2239.11971154734,2218.35853812499,2254.75347393966,2082.26344772001,2013.92750448081,2183.89123116875,2082.26344772001,2013.92750448081,2183.89123116875,1625.64874260272,1414.46960470033,1934.02104411721,1625.64874260272,1414.46960470033,1934.02104411721,411.960272810685,108.099000220863,880.045828929046,411.960272810685,108.099000220863,880.045828929046,1.28866774038997
"Kane",0,0,0,0,0,0,0,0,0,0,0,0,0,0,0,0,0,0,0,0,0,0,0,0,0
"Kankakee",1152.54826657716,1152.26589516541,1153.11300940065,1134.27108357195,1132.77392412952,1135.43166395758,1110.35341626032,1098.4815106416,1120.24822104495,1110.35341626032,1098.4815106416,1120.24822104495,457.325997524948,395.068186277816,516.459265375879,454.434640470565,390.481553378486,516.226620660132,285.003931848214,163.003075518017,407.444960241198,285.003931848214,163.003075518017,407.444960241198,1.90906294870172
"Kendall",676.149509101052,676.149509101052,676.149509101052,624.422162233281,620.725734878271,630.115846809808,602.775328974272,584.31575310119,616.36428219694,602.775328974272,584.31575310119,616.36428219694,389.162205691705,347.038158753915,434.449693222038,389.162205691705,347.038158753915,434.449693222038,79.4259636505814,21.120116386297,141.699331245243,79.4259636505814,21.120116386297,141.699331245243,1.53335431016442
"Knox",1233.4281241699,1232.47437035667,1233.74604210765,991.579179077507,980.544712313523,1000.58579798868,975.511108025475,960.44169623908,988.359430209065,975.511108025475,960.44169623908,988.359430209065,905.298418888242,866.415275380239,939.036601388722,905.001775032935,865.228699959012,939.036601388722,172.656505003963,35.5074691164486,359.5448167507,172.656505003963,35.5074691164486,359.5448167507,1.17212103714088
"Lake",0,0,0,0,0,0,0,0,0,0,0,0,0,0,0,0,0,0,0,0,0,0,0,0,0
"LaSalle",2351.50104037524,2351.50104037524,2351.50104037524,2256.93476681812,2247.60593559521,2266.72316957759,2088.09476426189,2059.32037721984,2116.35859079899,2088.09476426189,2059.32037721984,2116.35859079899,1292.7201527995,1171.06660436876,1427.33345636893,1292.7201527995,1171.06660436876,1427.33345636893,286.992559021369,94.4040084990807,531.375795715527,286.992559021369,94.4040084990807,531.375795715527,1.59702660849141
"Lawrence",3996.88473476142,3996.88473476142,3996.88473476142,3917.5091164556,3898.3799887437,3931.65955698183,3858.45540418043,3828.58473987365,3880.17526479274,3858.45540418043,3828.58473987365,3880.17526479274,3617.89804679618,3535.98262409514,3678.66522797499,3617.89804679618,3535.98262409514,3678.66522797499,799.449121598358,592.63903659548,1066.65625026134,799.449121598358,592.63903659548,1066.65625026134,0.883782674858554
"Lee",1077.61285878149,1077.4952250997,1077.84812614508,990.817656825883,987.582922079675,992.848731149519,921.369058701407,903.076735369326,936.669584413548,921.369058701407,903.076735369326,936.669584413548,689.726752697364,610.683258539297,781.214965268486,689.726752697364,610.683258539297,781.214965268486,254.627792370899,136.549230558511,410.888335652013,254.627792370899,136.549230558511,410.888335652013,1.19320450191628
"Livingston",902.059145936469,902.059145936469,902.059145936469,855.786423388984,854.169040070144,858.271839927314,842.416233630955,835.503503157236,848.353541084937,842.416233630955,835.503503157236,848.353541084937,777.265315655423,751.009744264717,797.837856305017,777.265315655423,751.009744264717,797.837856305017,82.5502527667456,14.0608787586943,169.095329415673,82.5502527667456,14.0608787586943,169.095329415673,1.05434898053913
"Logan",1619.70562522024,1619.70562522024,1619.70562522024,1568.3629042232,1562.94241044577,1575.66563071349,1560.17402045286,1554.44269708063,1567.70660389308,1560.17402045286,1554.44269708063,1567.70660389308,1508.02173922512,1480.79347945657,1537.09357016361,1508.02173922512,1480.79347945657,1537.09357016361,106.772562802712,43.1568133130293,190.974231947748,106.772562802712,43.1568133130293,190.974231947748,1.00325679866852
"Macon",1312.51089868823,1312.51089868823,1312.51089868823,1233.48113119814,1227.19579643713,1238.0609708328,1227.19867063552,1218.15888011025,1234.29801180638,1227.19867063552,1218.15888011025,1234.29801180638,1067.13873211238,1045.33239963281,1087.97876011019,1067.13873211238,1045.33239963281,1087.97876011019,88.7301189132402,24.1968864826635,179.680753543305,88.7301189132402,24.1968864826635,179.680753543305,1.14678695744886
"Macoupin",2956.34769284187,2954.53068032436,2958.16470535938,2009.31373453434,1911.91579361881,2076.73064584821,1956.93265201493,1855.32223740791,2028.36711420728,1956.93265201493,1855.32223740791,2028.36711420728,1851.30881153526,1716.36164646908,1951.18322734687,1851.30881153526,1716.36164646908,1951.18322734687,390.639477603534,136.873087291573,796.846630427219,390.639477603534,136.873087291573,796.846630427219,1.38588883672554
"Madison",6756.56567379979,6756.56567379979,6756.56567379979,6108.76156321674,6038.52295238043,6143.51077594149,6072.6513097041,5994.42800761214,6115.53805150156,6072.6513097041,5994.42800761214,6115.53805150156,5939.99363902127,5824.64828220926,6015.0415133367,5939.99363902127,5824.64828220926,6015.0415133367,1969.93636514933,1768.22834576674,2202.69839139446,1969.93636514933,1768.22834576674,2202.69839139446,0.805830712882572
"Marion",5365.93600670132,5365.93600670132,5365.93600670132,5000.29848229033,4937.18543645538,5033.54387001751,4953.98583388754,4886.11108268337,4989.65947232675,4953.98583388754,4886.11108268337,4989.65947232675,4858.98681505205,4766.53537865846,4912.81997705133,4858.98681505205,4766.53537865846,4912.81997705133,396.562539366023,116.497649255133,843.210418905985,396.562539366023,116.497649255133,843.210418905985,1.02271803906553
"Marshall",1437.90632843303,1436.19245430454,1438.24910325872,1354.25148139115,1347.69404146699,1358.85813330757,1321.67295868116,1309.7246812085,1328.06384225212,1321.67295868116,1309.7246812085,1328.06384225212,719.517912505594,672.753500980704,773.940615164316,719.517912505594,672.753500980704,773.940615164316,129.572394820833,18.6885344401116,325.896449881496,129.572394820833,18.6885344401116,325.896449881496,1.81834796726068
"Mason",5413.46792732303,5413.46792732303,5413.46792732303,5332.63109619926,5328.82814543226,5339.55088072624,4241.42607897238,4176.17879588811,4335.41930915014,4241.42607897238,4176.17879588811,4335.41930915014,2760.40928962277,2575.72224191534,3010.52240215223,2760.40928962277,2575.72224191534,3010.52240215223,581.77264762343,335.142724140992,907.748629144693,581.77264762343,335.142724140992,907.748629144693,1.75035466583287
"Massac",3027.43609854408,3027.43609854408,3027.43609854408,2801.19273994195,2792.62701455407,2809.44981518172,2655.19510376336,2606.65914511721,2745.2913021568,2655.19510376336,2606.65914511721,2745.2913021568,2253.39080322933,2115.57474776534,2450.62653880898,2253.39080322933,2115.57474776534,2450.62653880898,1126.73834347566,824.251375701949,1577.75584901085,1126.73834347566,824.251375701949,1577.75584901085,0.843483408357101
"McDonough",2117.09293482541,2116.74132702512,2117.796150426,1896.01406161544,1859.28335028521,1940.29106878517,1887.81778746174,1847.39474531817,1935.21551547083,1887.81778746174,1847.39474531817,1935.21551547083,1677.77316100502,1590.51258672516,1774.21491799331,1677.77316100502,1590.51258672516,1774.21491799331,240.892827943325,47.7546809932647,554.671891556533,240.892827943325,47.7546809932647,554.671891556533,1.11826804152607
"McHenry",0,0,0,0,0,0,0,0,0,0,0,0,0,0,0,0,0,0,0,0,0,0,0,0,0
"McLean",1095.03891469047,1094.90171655672,1095.08464740172,954.862836942892,946.268232310663,962.874984330415,950.891633781439,940.455535241234,960.515001177386,950.891633781439,940.455535241234,960.515001177386,916.176686146685,888.525214022122,938.406282402715,916.176686146685,888.525214022122,938.406282402715,76.0115590383733,14.2727192363509,155.605516643838,76.0115590383733,14.2727192363509,155.605516643838,1.11226073645029
"Menard",1033.66901704875,1033.66901704875,1033.66901704875,915.224446085242,900.718432946519,926.393812381191,906.193399715138,890.177306252155,919.423053229338,906.193399715138,890.177306252155,919.423053229338,884.117204622723,861.251094418166,902.525567852535,884.117204622723,861.251094418166,902.525567852535,105.268192480668,45.2173338237164,206.897789472367,105.268192480668,45.2173338237164,206.897789472367,1.05008795181658
"Mercer",2394.82103423841,2389.0447393599,2396.74646586458,2131.65358608552,2118.72045477194,2141.61304734458,2100.24946638267,2077.25871794294,2116.39827271402,2100.24946638267,2077.25871794294,2116.39827271402,1866.45216206055,1785.43951223402,1941.25697908811,1866.45216206055,1785.43951223402,1941.25697908811,891.637509288429,737.954293445963,1072.64986251922,891.637509288429,737.954293445963,1072.64986251922,0.805369435930509
"Monroe",4451.12976646576,4451.12976646576,4451.12976646576,4092.51105686533,4043.60275286849,4114.68892394373,4066.49852556491,4005.53711481806,4104.61666377363,4066.49852556491,4005.53711481806,4104.61666377363,2855.94768853643,2654.98472515385,3039.12538917926,2855.94768853643,2654.98472515385,3039.12538917926,1630.02765495633,1272.34792507794,1988.30399985705,1630.02765495633,1272.34792507794,1988.30399985705,0.98779894422896
"Montgomery",2262.34045960866,2262.34045960866,2262.34045960866,1868.03871784772,1824.5403119846,1906.38695728602,1823.5564432036,1777.27755970427,1866.12160036462,1823.5564432036,1777.27755970427,1866.12160036462,1715.20736017231,1652.38563690679,1781.89117906732,1715.20736017231,1652.38563690679,1781.89117906732,277.630756893772,77.2808067671876,624.939202752457,277.630756893772,77.2808067671876,624.939202752457,1.1571252250897
"Morgan",1374.68922298053,1371.06194566295,1383.3978643584,1000.11415655905,969.12128495885,1055.33955923699,938.941035915379,906.084870701807,998.900388025933,938.941035915379,906.084870701807,998.900388025933,839.550505149714,786.71262924255,926.248151861323,839.550505149714,786.71262924255,926.248151861323,115.06857757852,13.8504263913655,316.771690488185,115.06857757852,13.8504263913655,316.771690488185,1.50035124471444
"Moultrie",1514.74923461356,1514.74923461356,1514.74923461356,1429.08471684145,1428.73794810615,1429.18308031827,730.96952813196,720.164753707332,753.224606915128,730.96952813196,720.164753707332,753.224606915128,654.024155494498,626.758487545808,694.591584341327,654.024155494498,626.758487545808,694.591584341327,60.2801162147978,14.9504812241807,134.069147365554,56.2854621169287,9.15972830848495,133.822561751657,2.2299845659277
"Ogle",1416.97249790651,1412.10540841112,1422.46683403252,1372.94606786036,1365.80722686234,1381.51792511854,1356.82082431551,1343.18513200255,1368.88990117696,1356.82082431551,1343.18513200255,1368.88990117696,757.926272134134,691.785117814339,856.939822560621,757.370208322035,691.043699398206,856.939822560621,162.564515972598,49.2144234881415,341.304558942741,162.564515972598,49.2144234881415,341.304558942741,1.65626792307169
"Peoria",2856.29618826409,2856.29618826409,2856.29618826409,2422.06062472435,2405.70112551205,2436.06996940348,2371.22404028777,2344.22651377363,2397.99787039984,2371.22404028777,2344.22651377363,2397.99787039984,1981.31416705905,1894.83352012578,2051.35258177254,1981.31416705905,1894.83352012578,2051.35258177254,398.144758459249,196.707806049125,665.450166472309,398.144758459249,196.707806049125,665.450166472309,1.24066716458883
"Perry",6571.04163972901,6570.9066709386,6571.08662932582,6181.69872439774,6145.5445657654,6205.67795227355,6070.25636538214,5996.98776988699,6115.21373918442,6070.25636538214,5996.98776988699,6115.21373918442,5149.17673084041,4960.72115132573,5336.41493579446,5149.17673084041,4960.72115132573,5336.41493579446,641.967441387134,165.242409424145,1427.79486862406,641.967441387134,165.242409424145,1427.79486862406,1.15146061366089
"Piatt",866.063757660607,865.716588913991,866.179480576145,839.243836958856,835.317574268116,843.402884545828,837.639102519341,833.239425649611,842.135027435629,837.639102519341,833.239425649611,842.135027435629,408.766040905146,397.408503101567,420.092617306213,408.766040905146,397.408503101567,420.092617306213,52.6975038039787,20.4388037756328,90.0262250161186,52.6975038039787,20.4388037756328,90.0262250161186,1.98980877192137
"Pike",5132.73365126527,5132.73365126527,5132.73365126527,4842.8911026201,4819.11239905205,4861.76213539787,4762.64803150273,4729.78917371361,4792.20722673465,4762.64803150273,4729.78917371361,4792.20722673465,4232.39470956979,4158.13386725655,4292.90637240654,4232.39470956979,4158.13386725655,4292.90637240654,1767.50950022365,1624.50603870851,1993.716582063,1767.50950022365,1624.50603870851,1993.716582063,0.795111132577635
"Pope",2863.37314349349,2861.34548946249,2864.04902817049,2705.68434007134,2685.16644770926,2715.47805445055,2462.52286382207,2410.3488386264,2517.41653920391,2462.52286382207,2410.3488386264,2517.41653920391,1820.49102046262,1717.79933674543,1964.81630238995,1820.49102046262,1717.79933674543,1964.81630238995,426.905384568605,208.323846639778,769.720987926192,426.905384568605,208.323846639778,769.720987926192,1.33835747143962
"Pulaski",2611.83362503532,2611.83362503532,2611.83362503532,2459.63442653527,2448.9942350137,2466.29158183445,2311.00252891283,2257.06847073453,2359.69561217077,2311.00252891283,2257.06847073453,2359.69561217077,1704.32024839807,1564.14152125991,1889.87607448162,1704.32024839807,1564.14152125991,1889.87607448162,589.796344682459,284.984647058632,995.409396748198,589.796344682459,284.984647058632,995.409396748198,1.18641862188366
"Putnam",1803.70114743823,1803.70114743823,1803.70114743823,1766.76656883612,1765.02750344268,1767.63862380741,1618.55813821593,1601.90405306509,1627.79990049077,1618.55813821593,1601.90405306509,1627.79990049077,367.554053950113,310.408512402515,397.658721439291,367.554053950113,310.408512402515,397.658721439291,101.767681585443,16.8120149553235,175.6369564362,101.767681585443,16.8120149553235,175.6369564362,4.63043040217369
"Randolph",5274.87647212877,5274.87647212877,5274.87647212877,4929.81598048637,4848.759244395,4975.05828883528,4902.23969276917,4812.58512611095,4951.80313616425,4902.23969276917,4812.58512611095,4951.80313616425,4131.51460523455,3961.22437568686,4235.16080326796,4131.51460523455,3961.22437568686,4235.16080326796,963.071831523752,557.604114483102,1507.3597096782,963.071831523752,557.604114483102,1507.3597096782,1.04363775820665
"Richland",3500.98199566311,3500.98199566311,3500.98199566311,3320.42918578174,3298.5636446636,3329.96458263034,3313.44951466904,3289.78597432392,3324.77386065908,3313.44951466904,3289.78597432392,3324.77386065908,3130.64572571915,3087.61913805318,3157.16459169701,3130.64572571915,3087.61913805318,3157.16459169701,291.157541229265,66.9366472152442,722.337380421105,291.157541229265,66.9366472152442,722.337380421105,1.0252915007483
"Rock Island",2723.45191358273,2722.67215898654,2723.71183178147,2549.05847662629,2531.77727263909,2556.35416028044,2476.63233912842,2406.57560920248,2523.93152770648,2476.63233912842,2406.57560920248,2523.93152770648,1651.86282476579,1455.3239085804,1788.14417419281,1651.86282476579,1455.3239085804,1788.14417419281,791.635382422912,502.1826426044,1031.01786489717,791.635382422912,502.1826426044,1031.01786489717,1.16947757537538
"Saline",4835.51957821007,4835.51957821007,4835.51957821007,4652.07026638,4614.20506473613,4682.52491168455,4577.73144136708,4534.01450285428,4611.79556787357,4577.73144136708,4534.01450285428,4611.79556787357,3731.40905091067,3599.40976234905,3839.01175863547,3731.40905091067,3599.40976234905,3839.01175863547,601.497816199709,139.292716621679,1153.06960845166,601.497816199709,139.292716621679,1153.06960845166,1.13469783243867
"Sangamon",4154.46460881623,4154.0550139293,4155.28379859008,3688.86727726055,3660.27040803225,3713.7840138643,3643.57693833031,3603.29498266566,3675.90480829291,3643.57693833031,3603.29498266566,3675.90480829291,3441.5292121587,3336.60111821899,3527.67646835331,3441.5292121587,3336.60111821899,3527.67646835331,444.462886942371,175.761039016862,821.70763309556,444.462886942371,175.761039016862,821.70763309556,1.07800965593047
"Schuyler",2226.60876303387,2226.60876303387,2226.60876303387,1956.8094480175,1927.50097420321,1980.03670850338,1921.78115817279,1885.27651982733,1958.05145124643,1921.78115817279,1885.27651982733,1958.05145124643,1830.21750200305,1767.33566448152,1899.66474883367,1830.21750200305,1767.33566448152,1899.66474883367,291.650784249512,113.831707456091,607.758890369454,291.650784249512,113.831707456091,607.758890369454,1.05722843141139
"Scott",949.121686277823,949.121686277823,949.121686277823,813.536340625712,801.940594985679,833.126067488395,771.309485831206,757.861796394427,793.861246634408,771.309485831206,757.861796394427,793.861246634408,699.098873748997,669.500904994329,734.682056274225,699.098873748997,669.500904994329,734.682056274225,90.4612075893244,45.9661900830918,162.636108452001,90.4612075893244,45.9661900830918,162.636108452001,1.22823896723483
"Shelby",2017.67464171424,2017.67464171424,2017.67464171424,1828.34718600528,1821.50497355201,1831.69733298386,1657.09424924953,1646.51025105123,1667.0662592666,1657.09424924953,1646.51025105123,1667.0662592666,1613.60491503418,1590.49713085924,1638.28651437801,1613.60491503418,1590.49713085924,1638.28651437801,176.233337586354,86.8664656260105,328.355295399486,128.196923604089,37.4624736596957,287.029852858343,1.17096675927647
"St. Clair",9688.8167796545,9688.8167796545,9688.8167796545,9071.29214733836,9036.57896110228,9084.27007585476,8924.44234965759,8864.80294721946,8962.69429131125,8924.44234965759,8864.80294721946,8962.69429131125,8057.35721130394,7854.99076259118,8267.86842123916,8057.35721130394,7854.99076259118,8267.86842123916,1793.43970289794,1456.74215854219,2218.01134296639,1793.43970289794,1456.74215854219,2218.01134296639,0.979896617426848
"Stark",254.842733993334,254.842733993334,254.842733993334,229.728347257556,228.646878020927,231.439975294247,227.634148895515,225.890120963468,229.928024995786,227.634148895515,225.890120963468,229.928024995786,213.637718957021,208.141882085019,221.172344399852,213.637718957021,208.141882085019,221.172344399852,21.4198282349422,3.85659363110052,56.0037907116721,21.4198282349422,3.85659363110052,56.0037907116721,1.09261092515855
"Stephenson",1663.09083953214,1663.09083953214,1663.09083953214,1612.61692867663,1608.24293265881,1619.53201448858,1590.45839900847,1577.00889288191,1604.7805895935,1590.45839900847,1577.00889288191,1604.7805895935,812.295743444684,737.659152779051,904.889361781744,812.295743444684,737.659152779051,904.889361781744,257.464840974117,135.101774722098,421.512560447192,257.464840974117,135.101774722098,421.512560447192,1.73043624800644
"Tazewell",3041.97047960605,3041.97047960605,3041.97047960605,2769.71212927184,2758.7425977174,2775.20417876438,2728.03005355689,2709.884510218,2736.35890133112,2728.03005355689,2709.884510218,2736.35890133112,2178.82670023809,2124.31438105159,2224.70772468894,2178.82670023809,2124.31438105159,2224.70772468894,312.12475826152,144.175495095606,536.1498507379,312.12475826152,144.175495095606,536.1498507379,1.25289713084856
"Union",4406.65407149948,4406.65407149948,4406.65407149948,4005.36393940812,3970.81749054384,4024.96311149976,3930.51425271767,3869.19838063789,3963.83235512143,3930.51425271767,3869.19838063789,3963.83235512143,2881.0093634467,2791.29819254508,2948.51982092121,2881.0093634467,2791.29819254508,2948.51982092121,1816.58233889016,1656.50930112513,2004.20935968456,1816.58233889016,1656.50930112513,2004.20935968456,0.899015381717011
"Vermilion",1620.6799571566,1616.6093644029,1625.51367440899,1601.41532555516,1595.53056457969,1607.9314336093,1568.96134044166,1560.81858023844,1577.52705961558,1568.96134044166,1560.81858023844,1577.52705961558,1053.41579506778,1018.92732357202,1095.23071872309,1052.33243038324,1015.78997319056,1095.23071872309,143.077152556812,64.5309493975569,277.185626286335,143.077152556812,64.5309493975569,277.185626286335,1.40412170331164
"Wabash",2452.0732607415,2452.0732607415,2452.0732607415,2379.41114233626,2370.96923861073,2382.16251543908,2369.75231560055,2352.05477163935,2375.80675558331,2369.75231560055,2352.05477163935,2375.80675558331,2305.01718184889,2246.39245631303,2349.93121082048,2305.01718184889,2246.39245631303,2349.93121082048,327.363755665896,166.493597606699,572.213171640563,327.363755665896,166.493597606699,572.213171640563,0.921775994472781
"Warren",687.861794745173,687.861794745173,687.861794745173,553.758692750506,546.07408087423,559.996675270334,545.367397380358,533.109045665875,556.085320825885,545.367397380358,533.109045665875,556.085320825885,506.001494217245,471.75646476229,534.551368744805,506.001494217245,471.75646476229,534.551368744805,102.913634147079,25.7842392805998,210.757658506871,102.913634147079,25.7842392805998,210.757658506871,1.15602061907539
"Washington",6960.19246779102,6958.38066377973,6963.81607581359,6637.19747015687,6599.60218303109,6661.01846174929,6575.45399572854,6520.98662047011,6623.91983329105,6575.45399572854,6520.98662047011,6623.91983329105,6468.23682260558,6364.57123588493,6574.60644167006,6468.23682260558,6364.57123588493,6574.60644167006,464.082092685262,121.067733932529,1095.41300103773,464.082092685262,121.067733932529,1095.41300103773,1.00430929684002
"Wayne",9523.60083782733,9523.60083782733,9523.60083782733,9182.67951722685,9100.4715982363,9237.22776880247,9096.48172081844,9000.61382493211,9179.23033119684,9096.48172081844,9000.61382493211,9179.23033119684,8760.76934156737,8635.96544322183,8886.64536312236,8760.76934156737,8635.96544322183,8886.64536312236,825.861537017395,261.500774391734,1974.63092553212,825.861537017395,261.500774391734,1974.63092553212,0.992805421727248
"White",5212.93894399335,5212.93894399335,5212.93894399335,4957.67471472767,4926.53815250802,4987.36516528269,4825.78905571973,4774.45470205214,4886.24134646421,4825.78905571973,4774.45470205214,4886.24134646421,4220.62523326442,4039.22768747463,4451.52341413603,4220.62523326442,4039.22768747463,4451.52341413603,709.846026117723,280.907970206064,1419.01975327031,709.846026117723,280.907970206064,1419.01975327031,1.06692555462754
"Whiteside",1950.08563521002,1949.67359482631,1950.22298200459,1898.43715305895,1896.16446692015,1899.8981417196,1867.51408250456,1858.98342441817,1874.73610961307,1867.51408250456,1858.98342441817,1874.73610961307,1552.39443475454,1475.86795399276,1621.42246126303,1552.39443475454,1475.86795399276,1621.42246126303,650.0528555819,499.827177378071,822.027504618751,650.0528555819,499.827177378071,822.027504618751,0.837437155482768
"Will",0,0,0,0,0,0,0,0,0,0,0,0,0,0,0,0,0,0,0,0,0,0,0,0,0
"Williamson",4900.68225332235,4900.68225332235,4900.68225332235,4469.37775268601,4402.39627154939,4510.63623513923,4312.74462325297,4207.63733791867,4413.98230646448,4312.74462325297,4207.63733791867,4413.98230646448,3795.87181599511,3566.40116596533,4031.34510530274,3795.87181599511,3566.40116596533,4031.34510530274,765.211738304974,180.073060017864,1666.18397237605,765.211738304974,180.073060017864,1666.18397237605,1.08946527055821
"Winnebago",3363.32996896599,3362.07907396011,3363.74693396795,3240.50076373842,3234.58042578555,3249.65636045001,3171.71137752707,3146.20332371921,3201.85330946987,3171.71137752707,3146.20332371921,3201.85330946987,1110.94924715313,914.279104925515,1399.06563529311,1109.49245755041,910.967345879715,1398.71792838834,446.317479009899,162.525356424058,848.996683690611,446.317479009899,162.525356424058,848.996683690611,2.62914134305736
"Woodford",1639.73319734157,1639.73319734157,1639.73319734157,1371.53846090889,1348.21083347626,1397.22259021916,1321.52190451227,1295.78364737149,1350.47894653219,1321.52190451227,1295.78364737149,1350.47894653219,1043.11820879628,978.883884494004,1106.74911961248,1043.11820879628,978.883884494004,1106.74911961248,213.664224284857,49.9355058563525,461.714938214566,213.664224284857,49.9355058563525,461.714938214566,1.36712115753625
